# Rhino

g object_1
v 47.584327697753906 80.300003051757812 -38.798744201660156
v 47.584327697753906 88.400001525878906 -38.798744201660156
v 51.037616729736328 80.300003051757812 -38.798744201660156
v 51.037616729736328 88.400001525878906 -38.798744201660156
v 51.037616729736328 84.349998474121094 -38.798744201660156
v 47.584327697753906 84.349998474121094 -38.798744201660156
v 51.037616729736328 80.300003051757812 -47.495452880859375
v 51.037616729736328 88.400001525878906 -47.495452880859375
v 51.037616729736328 80.300003051757812 -43.147098541259766
v 51.037616729736328 84.349998474121094 -47.495452880859375
v 51.037616729736328 88.400001525878906 -43.147098541259766
v 47.584327697753906 80.300003051757812 -47.495452880859375
v 47.584327697753906 88.400001525878906 -47.495452880859375
v 47.584327697753906 84.349998474121094 -47.495452880859375
v 47.584327697753906 80.300003051757812 -43.147098541259766
v 47.584327697753906 88.400001525878906 -43.147098541259766
f 6 1 3 5 4 2
f 11 4 5 3 9 7 10 8
f 10 7 12 14 13 8
f 16 13 14 12 15 1 6 2
f 9 3 1 15 12 7
f 16 2 4 11 8 13
g object_2
v 35.434326171875 80.300003051757812 -47.495452880859375
v 35.434326171875 88.400001525878906 -47.495452880859375
v 35.434326171875 80.300003051757812 -38.798744201660156
v 35.434326171875 88.400001525878906 -38.798744201660156
v 35.434326171875 80.300003051757812 -43.147098541259766
v 35.434326171875 84.349998474121094 -38.798744201660156
v 35.434326171875 88.400001525878906 -43.147098541259766
v 35.434326171875 84.349998474121094 -47.495452880859375
v 39.636676788330078 80.300003051757812 -38.798744201660156
v 39.636676788330078 88.400001525878906 -38.798744201660156
v 39.636676788330078 84.349998474121094 -38.798744201660156
v 39.636676788330078 80.300003051757812 -47.495452880859375
v 39.636676788330078 88.400001525878906 -47.495452880859375
v 39.636676788330078 80.300003051757812 -43.147098541259766
v 39.636676788330078 84.349998474121094 -47.495452880859375
v 39.636676788330078 88.400001525878906 -43.147098541259766
f 23 18 24 17 21 19 22 20
f 22 19 25 27 26 20
f 32 26 27 25 30 28 31 29
f 31 28 17 24 18 29
f 28 30 25 19 21 17
f 29 18 23 20 26 32
g object_3
v 44.537303924560547 80.300003051757812 -30.997100830078125
v 44.537303924560547 88.400001525878906 -30.997100830078125
v 51.037616729736328 80.300003051757812 -30.997100830078125
v 51.037616729736328 88.400001525878906 -30.997100830078125
v 47.787460327148438 80.300003051757812 -30.997100830078125
v 51.037616729736328 84.349998474121094 -30.997100830078125
v 47.787460327148438 88.400001525878906 -30.997100830078125
v 44.537303924560547 84.349998474121094 -30.997100830078125
v 51.037616729736328 80.300003051757812 -38.798744201660156
v 51.037616729736328 88.400001525878906 -38.798744201660156
v 51.037616729736328 80.300003051757812 -34.897922515869141
v 51.037616729736328 84.349998474121094 -38.798744201660156
v 51.037616729736328 88.400001525878906 -34.897922515869141
v 44.537303924560547 80.300003051757812 -38.798744201660156
v 44.537303924560547 88.400001525878906 -38.798744201660156
v 47.787460327148438 80.300003051757812 -38.798744201660156
v 44.537303924560547 84.349998474121094 -38.798744201660156
v 47.787460327148438 88.400001525878906 -38.798744201660156
v 44.537303924560547 80.300003051757812 -34.897922515869141
v 44.537303924560547 88.400001525878906 -34.897922515869141
f 40 33 37 35 38 36 39 34
f 38 35 43 41 44 42 45 36
f 44 41 48 46 49 47 50 42
f 49 46 51 33 40 34 52 47
f 37 33 51 46 48 41 43 35
f 50 47 52 34 39 36 45 42
g object_4
v 35.434326171875 80.300003051757812 -38.798744201660156
v 35.434326171875 88.400001525878906 -38.798744201660156
v 35.434326171875 80.300003051757812 -30.997100830078125
v 35.434326171875 88.400001525878906 -30.997100830078125
v 35.434326171875 80.300003051757812 -34.897922515869141
v 35.434326171875 84.349998474121094 -30.997100830078125
v 35.434326171875 88.400001525878906 -34.897922515869141
v 35.434326171875 84.349998474121094 -38.798744201660156
v 44.537303924560547 80.300003051757812 -30.997100830078125
v 44.537303924560547 88.400001525878906 -30.997100830078125
v 39.985813140869141 80.300003051757812 -30.997100830078125
v 44.537303924560547 84.349998474121094 -30.997100830078125
v 39.985813140869141 88.400001525878906 -30.997100830078125
v 44.537303924560547 80.300003051757812 -38.798744201660156
v 44.537303924560547 88.400001525878906 -38.798744201660156
v 44.537303924560547 80.300003051757812 -34.897922515869141
v 44.537303924560547 84.349998474121094 -38.798744201660156
v 44.537303924560547 88.400001525878906 -34.897922515869141
v 39.985813140869141 80.300003051757812 -38.798744201660156
v 39.985813140869141 88.400001525878906 -38.798744201660156
f 58 56 59 54 60 53 57 55
f 58 55 63 61 64 62 65 56
f 64 61 68 66 69 67 70 62
f 69 66 71 53 60 54 72 67
f 71 66 68 61 63 55 57 53
f 65 62 70 67 72 54 59 56
g object_5
v 47.584327697753906 72.199996948242188 -38.798744201660156
v 47.584327697753906 80.300003051757812 -38.798744201660156
v 51.037616729736328 72.199996948242188 -38.798744201660156
v 51.037616729736328 80.300003051757812 -38.798744201660156
v 51.037616729736328 76.25 -38.798744201660156
v 47.584327697753906 76.25 -38.798744201660156
v 51.037616729736328 72.199996948242188 -47.495452880859375
v 51.037616729736328 80.300003051757812 -47.495452880859375
v 51.037616729736328 72.199996948242188 -43.147098541259766
v 51.037616729736328 76.25 -47.495452880859375
v 51.037616729736328 80.300003051757812 -43.147098541259766
v 47.584327697753906 72.199996948242188 -47.495452880859375
v 47.584327697753906 80.300003051757812 -47.495452880859375
v 47.584327697753906 76.25 -47.495452880859375
v 47.584327697753906 72.199996948242188 -43.147098541259766
v 47.584327697753906 80.300003051757812 -43.147098541259766
f 78 73 75 77 76 74
f 77 75 81 79 82 80 83 76
f 82 79 84 86 85 80
f 86 84 87 73 78 74 88 85
f 81 75 73 87 84 79
f 88 74 76 83 80 85
g object_6
v 35.434326171875 72.199996948242188 -47.495452880859375
v 35.434326171875 80.300003051757812 -47.495452880859375
v 35.434326171875 72.199996948242188 -38.798744201660156
v 35.434326171875 80.300003051757812 -38.798744201660156
v 35.434326171875 72.199996948242188 -43.147098541259766
v 35.434326171875 76.25 -38.798744201660156
v 35.434326171875 80.300003051757812 -43.147098541259766
v 35.434326171875 76.25 -47.495452880859375
v 39.636676788330078 72.199996948242188 -38.798744201660156
v 39.636676788330078 80.300003051757812 -38.798744201660156
v 39.636676788330078 76.25 -38.798744201660156
v 39.636676788330078 72.199996948242188 -47.495452880859375
v 39.636676788330078 80.300003051757812 -47.495452880859375
v 39.636676788330078 72.199996948242188 -43.147098541259766
v 39.636676788330078 76.25 -47.495452880859375
v 39.636676788330078 80.300003051757812 -43.147098541259766
f 96 89 93 91 94 92 95 90
f 94 91 97 99 98 92
f 99 97 102 100 103 101 104 98
f 103 100 89 96 90 101
f 100 102 97 91 93 89
f 101 90 95 92 98 104
g object_7
v 44.537303924560547 72.199996948242188 -30.997100830078125
v 44.537303924560547 80.300003051757812 -30.997100830078125
v 51.037616729736328 72.199996948242188 -30.997100830078125
v 51.037616729736328 80.300003051757812 -30.997100830078125
v 47.787460327148438 72.199996948242188 -30.997100830078125
v 51.037616729736328 76.25 -30.997100830078125
v 47.787460327148438 80.300003051757812 -30.997100830078125
v 44.537303924560547 76.25 -30.997100830078125
v 51.037616729736328 72.199996948242188 -38.798744201660156
v 51.037616729736328 80.300003051757812 -38.798744201660156
v 51.037616729736328 72.199996948242188 -34.897922515869141
v 51.037616729736328 76.25 -38.798744201660156
v 51.037616729736328 80.300003051757812 -34.897922515869141
v 44.537303924560547 72.199996948242188 -38.798744201660156
v 44.537303924560547 80.300003051757812 -38.798744201660156
v 47.787460327148438 72.199996948242188 -38.798744201660156
v 44.537303924560547 76.25 -38.798744201660156
v 47.787460327148438 80.300003051757812 -38.798744201660156
v 44.537303924560547 72.199996948242188 -34.897922515869141
v 44.537303924560547 80.300003051757812 -34.897922515869141
f 112 105 109 107 110 108 111 106
f 110 107 115 113 116 114 117 108
f 116 113 120 118 121 119 122 114
f 112 106 124 119 121 118 123 105
f 109 105 123 118 120 113 115 107
f 122 119 124 106 111 108 117 114
g object_8
v 35.434326171875 72.199996948242188 -38.798744201660156
v 35.434326171875 80.300003051757812 -38.798744201660156
v 35.434326171875 72.199996948242188 -30.997100830078125
v 35.434326171875 80.300003051757812 -30.997100830078125
v 35.434326171875 72.199996948242188 -34.897922515869141
v 35.434326171875 76.25 -30.997100830078125
v 35.434326171875 80.300003051757812 -34.897922515869141
v 35.434326171875 76.25 -38.798744201660156
v 44.537303924560547 72.199996948242188 -30.997100830078125
v 44.537303924560547 80.300003051757812 -30.997100830078125
v 39.985813140869141 72.199996948242188 -30.997100830078125
v 44.537303924560547 76.25 -30.997100830078125
v 39.985813140869141 80.300003051757812 -30.997100830078125
v 44.537303924560547 72.199996948242188 -38.798744201660156
v 44.537303924560547 80.300003051757812 -38.798744201660156
v 44.537303924560547 72.199996948242188 -34.897922515869141
v 44.537303924560547 76.25 -38.798744201660156
v 44.537303924560547 80.300003051757812 -34.897922515869141
v 39.985813140869141 72.199996948242188 -38.798744201660156
v 39.985813140869141 80.300003051757812 -38.798744201660156
f 132 125 129 127 130 128 131 126
f 130 127 135 133 136 134 137 128
f 141 139 142 134 136 133 140 138
f 141 138 143 125 132 126 144 139
f 143 138 140 133 135 127 129 125
f 137 134 142 139 144 126 131 128
g object_9
v 47.584327697753906 64.099998474121094 -38.798744201660156
v 47.584327697753906 72.199996948242188 -38.798744201660156
v 51.037616729736328 64.099998474121094 -38.798744201660156
v 51.037616729736328 72.199996948242188 -38.798744201660156
v 51.037616729736328 68.150001525878906 -38.798744201660156
v 47.584327697753906 68.150001525878906 -38.798744201660156
v 51.037616729736328 64.099998474121094 -47.495452880859375
v 51.037616729736328 72.199996948242188 -47.495452880859375
v 51.037616729736328 64.099998474121094 -43.147098541259766
v 51.037616729736328 68.150001525878906 -47.495452880859375
v 51.037616729736328 72.199996948242188 -43.147098541259766
v 47.584327697753906 64.099998474121094 -47.495452880859375
v 47.584327697753906 72.199996948242188 -47.495452880859375
v 47.584327697753906 68.150001525878906 -47.495452880859375
v 47.584327697753906 64.099998474121094 -43.147098541259766
v 47.584327697753906 72.199996948242188 -43.147098541259766
f 150 145 147 149 148 146
f 155 148 149 147 153 151 154 152
f 154 151 156 158 157 152
f 160 157 158 156 159 145 150 146
f 153 147 145 159 156 151
f 160 146 148 155 152 157
g object_10
v 35.434326171875 64.099998474121094 -47.495452880859375
v 35.434326171875 72.199996948242188 -47.495452880859375
v 35.434326171875 64.099998474121094 -38.798744201660156
v 35.434326171875 72.199996948242188 -38.798744201660156
v 35.434326171875 64.099998474121094 -43.147098541259766
v 35.434326171875 68.150001525878906 -38.798744201660156
v 35.434326171875 72.199996948242188 -43.147098541259766
v 35.434326171875 68.150001525878906 -47.495452880859375
v 39.636676788330078 64.099998474121094 -38.798744201660156
v 39.636676788330078 72.199996948242188 -38.798744201660156
v 39.636676788330078 68.150001525878906 -38.798744201660156
v 39.636676788330078 64.099998474121094 -47.495452880859375
v 39.636676788330078 72.199996948242188 -47.495452880859375
v 39.636676788330078 64.099998474121094 -43.147098541259766
v 39.636676788330078 68.150001525878906 -47.495452880859375
v 39.636676788330078 72.199996948242188 -43.147098541259766
f 168 161 165 163 166 164 167 162
f 166 163 169 171 170 164
f 171 169 174 172 175 173 176 170
f 175 172 161 168 162 173
f 172 174 169 163 165 161
f 173 162 167 164 170 176
g object_11
v 44.537303924560547 64.099998474121094 -30.997100830078125
v 44.537303924560547 72.199996948242188 -30.997100830078125
v 51.037616729736328 64.099998474121094 -30.997100830078125
v 51.037616729736328 72.199996948242188 -30.997100830078125
v 47.787460327148438 64.099998474121094 -30.997100830078125
v 51.037616729736328 68.150001525878906 -30.997100830078125
v 47.787460327148438 72.199996948242188 -30.997100830078125
v 44.537303924560547 68.150001525878906 -30.997100830078125
v 51.037616729736328 64.099998474121094 -38.798744201660156
v 51.037616729736328 72.199996948242188 -38.798744201660156
v 51.037616729736328 64.099998474121094 -34.897922515869141
v 51.037616729736328 68.150001525878906 -38.798744201660156
v 51.037616729736328 72.199996948242188 -34.897922515869141
v 44.537303924560547 64.099998474121094 -38.798744201660156
v 44.537303924560547 72.199996948242188 -38.798744201660156
v 47.787460327148438 64.099998474121094 -38.798744201660156
v 44.537303924560547 68.150001525878906 -38.798744201660156
v 47.787460327148438 72.199996948242188 -38.798744201660156
v 44.537303924560547 64.099998474121094 -34.897922515869141
v 44.537303924560547 72.199996948242188 -34.897922515869141
f 184 177 181 179 182 180 183 178
f 188 186 189 180 182 179 187 185
f 188 185 192 190 193 191 194 186
f 193 190 195 177 184 178 196 191
f 181 177 195 190 192 185 187 179
f 194 191 196 178 183 180 189 186
g object_12
v 35.434326171875 64.099998474121094 -38.798744201660156
v 35.434326171875 72.199996948242188 -38.798744201660156
v 35.434326171875 64.099998474121094 -30.997100830078125
v 35.434326171875 72.199996948242188 -30.997100830078125
v 35.434326171875 64.099998474121094 -34.897922515869141
v 35.434326171875 68.150001525878906 -30.997100830078125
v 35.434326171875 72.199996948242188 -34.897922515869141
v 35.434326171875 68.150001525878906 -38.798744201660156
v 44.537303924560547 64.099998474121094 -30.997100830078125
v 44.537303924560547 72.199996948242188 -30.997100830078125
v 39.985813140869141 64.099998474121094 -30.997100830078125
v 44.537303924560547 68.150001525878906 -30.997100830078125
v 39.985813140869141 72.199996948242188 -30.997100830078125
v 44.537303924560547 64.099998474121094 -38.798744201660156
v 44.537303924560547 72.199996948242188 -38.798744201660156
v 44.537303924560547 64.099998474121094 -34.897922515869141
v 44.537303924560547 68.150001525878906 -38.798744201660156
v 44.537303924560547 72.199996948242188 -34.897922515869141
v 39.985813140869141 64.099998474121094 -38.798744201660156
v 39.985813140869141 72.199996948242188 -38.798744201660156
f 204 197 201 199 202 200 203 198
f 202 199 207 205 208 206 209 200
f 208 205 212 210 213 211 214 206
f 213 210 215 197 204 198 216 211
f 215 210 212 205 207 199 201 197
f 209 206 214 211 216 198 203 200
g object_13
v 47.584327697753906 56 -38.798744201660156
v 47.584327697753906 64.099998474121094 -38.798744201660156
v 51.037616729736328 56 -38.798744201660156
v 51.037616729736328 64.099998474121094 -38.798744201660156
v 51.037616729736328 60.049999237060547 -38.798744201660156
v 47.584327697753906 60.049999237060547 -38.798744201660156
v 51.037616729736328 56 -47.495452880859375
v 51.037616729736328 64.099998474121094 -47.495452880859375
v 51.037616729736328 56 -43.147098541259766
v 51.037616729736328 60.049999237060547 -47.495452880859375
v 51.037616729736328 64.099998474121094 -43.147098541259766
v 47.584327697753906 56 -47.495452880859375
v 47.584327697753906 64.099998474121094 -47.495452880859375
v 47.584327697753906 60.049999237060547 -47.495452880859375
v 47.584327697753906 56 -43.147098541259766
v 47.584327697753906 64.099998474121094 -43.147098541259766
f 222 217 219 221 220 218
f 221 219 225 223 226 224 227 220
f 226 223 228 230 229 224
f 230 228 231 217 222 218 232 229
f 225 219 217 231 228 223
f 232 218 220 227 224 229
g object_14
v 35.434326171875 56 -47.495452880859375
v 35.434326171875 64.099998474121094 -47.495452880859375
v 35.434326171875 56 -38.798744201660156
v 35.434326171875 64.099998474121094 -38.798744201660156
v 35.434326171875 56 -43.147098541259766
v 35.434326171875 60.049999237060547 -38.798744201660156
v 35.434326171875 64.099998474121094 -43.147098541259766
v 35.434326171875 60.049999237060547 -47.495452880859375
v 39.636676788330078 56 -38.798744201660156
v 39.636676788330078 64.099998474121094 -38.798744201660156
v 39.636676788330078 60.049999237060547 -38.798744201660156
v 39.636676788330078 56 -47.495452880859375
v 39.636676788330078 64.099998474121094 -47.495452880859375
v 39.636676788330078 56 -43.147098541259766
v 39.636676788330078 60.049999237060547 -47.495452880859375
v 39.636676788330078 64.099998474121094 -43.147098541259766
f 238 236 239 234 240 233 237 235
f 238 235 241 243 242 236
f 248 242 243 241 246 244 247 245
f 247 244 233 240 234 245
f 244 246 241 235 237 233
f 245 234 239 236 242 248
g object_15
v 44.537303924560547 56 -30.997100830078125
v 44.537303924560547 64.099998474121094 -30.997100830078125
v 51.037616729736328 56 -30.997100830078125
v 51.037616729736328 64.099998474121094 -30.997100830078125
v 47.787460327148438 56 -30.997100830078125
v 51.037616729736328 60.049999237060547 -30.997100830078125
v 47.787460327148438 64.099998474121094 -30.997100830078125
v 44.537303924560547 60.049999237060547 -30.997100830078125
v 51.037616729736328 56 -38.798744201660156
v 51.037616729736328 64.099998474121094 -38.798744201660156
v 51.037616729736328 56 -34.897922515869141
v 51.037616729736328 60.049999237060547 -38.798744201660156
v 51.037616729736328 64.099998474121094 -34.897922515869141
v 44.537303924560547 56 -38.798744201660156
v 44.537303924560547 64.099998474121094 -38.798744201660156
v 47.787460327148438 56 -38.798744201660156
v 44.537303924560547 60.049999237060547 -38.798744201660156
v 47.787460327148438 64.099998474121094 -38.798744201660156
v 44.537303924560547 56 -34.897922515869141
v 44.537303924560547 64.099998474121094 -34.897922515869141
f 256 249 253 251 254 252 255 250
f 254 251 259 257 260 258 261 252
f 260 257 264 262 265 263 266 258
f 256 250 268 263 265 262 267 249
f 253 249 267 262 264 257 259 251
f 266 263 268 250 255 252 261 258
g object_16
v 35.434326171875 56 -38.798744201660156
v 35.434326171875 64.099998474121094 -38.798744201660156
v 35.434326171875 56 -30.997100830078125
v 35.434326171875 64.099998474121094 -30.997100830078125
v 35.434326171875 56 -34.897922515869141
v 35.434326171875 60.049999237060547 -30.997100830078125
v 35.434326171875 64.099998474121094 -34.897922515869141
v 35.434326171875 60.049999237060547 -38.798744201660156
v 44.537303924560547 56 -30.997100830078125
v 44.537303924560547 64.099998474121094 -30.997100830078125
v 39.985813140869141 56 -30.997100830078125
v 44.537303924560547 60.049999237060547 -30.997100830078125
v 39.985813140869141 64.099998474121094 -30.997100830078125
v 44.537303924560547 56 -38.798744201660156
v 44.537303924560547 64.099998474121094 -38.798744201660156
v 44.537303924560547 56 -34.897922515869141
v 44.537303924560547 60.049999237060547 -38.798744201660156
v 44.537303924560547 64.099998474121094 -34.897922515869141
v 39.985813140869141 56 -38.798744201660156
v 39.985813140869141 64.099998474121094 -38.798744201660156
f 274 272 275 270 276 269 273 271
f 274 271 279 277 280 278 281 272
f 280 277 284 282 285 283 286 278
f 285 282 287 269 276 270 288 283
f 287 282 284 277 279 271 273 269
f 281 278 286 283 288 270 275 272
g object_17
v 47.584327697753906 47.900001525878906 -38.798744201660156
v 47.584327697753906 56 -38.798744201660156
v 51.037616729736328 47.900001525878906 -38.798744201660156
v 51.037616729736328 56 -38.798744201660156
v 51.037616729736328 51.950000762939453 -38.798744201660156
v 47.584327697753906 51.950000762939453 -38.798744201660156
v 51.037616729736328 47.900001525878906 -47.495452880859375
v 51.037616729736328 56 -47.495452880859375
v 51.037616729736328 47.900001525878906 -43.147098541259766
v 51.037616729736328 51.950000762939453 -47.495452880859375
v 51.037616729736328 56 -43.147098541259766
v 47.584327697753906 47.900001525878906 -47.495452880859375
v 47.584327697753906 56 -47.495452880859375
v 47.584327697753906 51.950000762939453 -47.495452880859375
v 47.584327697753906 47.900001525878906 -43.147098541259766
v 47.584327697753906 56 -43.147098541259766
f 294 289 291 293 292 290
f 293 291 297 295 298 296 299 292
f 298 295 300 302 301 296
f 294 290 304 301 302 300 303 289
f 297 291 289 303 300 295
f 304 290 292 299 296 301
g object_18
v 35.434326171875 47.900001525878906 -47.495452880859375
v 35.434326171875 56 -47.495452880859375
v 35.434326171875 47.900001525878906 -38.798744201660156
v 35.434326171875 56 -38.798744201660156
v 35.434326171875 47.900001525878906 -43.147098541259766
v 35.434326171875 51.950000762939453 -38.798744201660156
v 35.434326171875 56 -43.147098541259766
v 35.434326171875 51.950000762939453 -47.495452880859375
v 39.636676788330078 47.900001525878906 -38.798744201660156
v 39.636676788330078 56 -38.798744201660156
v 39.636676788330078 51.950000762939453 -38.798744201660156
v 39.636676788330078 47.900001525878906 -47.495452880859375
v 39.636676788330078 56 -47.495452880859375
v 39.636676788330078 47.900001525878906 -43.147098541259766
v 39.636676788330078 51.950000762939453 -47.495452880859375
v 39.636676788330078 56 -43.147098541259766
f 312 305 309 307 310 308 311 306
f 310 307 313 315 314 308
f 315 313 318 316 319 317 320 314
f 319 316 305 312 306 317
f 316 318 313 307 309 305
f 317 306 311 308 314 320
g object_19
v 44.537303924560547 47.900001525878906 -30.997100830078125
v 44.537303924560547 56 -30.997100830078125
v 51.037616729736328 47.900001525878906 -30.997100830078125
v 51.037616729736328 56 -30.997100830078125
v 47.787460327148438 47.900001525878906 -30.997100830078125
v 51.037616729736328 51.950000762939453 -30.997100830078125
v 47.787460327148438 56 -30.997100830078125
v 44.537303924560547 51.950000762939453 -30.997100830078125
v 51.037616729736328 47.900001525878906 -38.798744201660156
v 51.037616729736328 56 -38.798744201660156
v 51.037616729736328 47.900001525878906 -34.897922515869141
v 51.037616729736328 51.950000762939453 -38.798744201660156
v 51.037616729736328 56 -34.897922515869141
v 44.537303924560547 47.900001525878906 -38.798744201660156
v 44.537303924560547 56 -38.798744201660156
v 47.787460327148438 47.900001525878906 -38.798744201660156
v 44.537303924560547 51.950000762939453 -38.798744201660156
v 47.787460327148438 56 -38.798744201660156
v 44.537303924560547 47.900001525878906 -34.897922515869141
v 44.537303924560547 56 -34.897922515869141
f 328 321 325 323 326 324 327 322
f 332 330 333 324 326 323 331 329
f 332 329 336 334 337 335 338 330
f 328 322 340 335 337 334 339 321
f 325 321 339 334 336 329 331 323
f 338 335 340 322 327 324 333 330
g object_20
v 35.434326171875 47.900001525878906 -38.798744201660156
v 35.434326171875 56 -38.798744201660156
v 35.434326171875 47.900001525878906 -30.997100830078125
v 35.434326171875 56 -30.997100830078125
v 35.434326171875 47.900001525878906 -34.897922515869141
v 35.434326171875 51.950000762939453 -30.997100830078125
v 35.434326171875 56 -34.897922515869141
v 35.434326171875 51.950000762939453 -38.798744201660156
v 44.537303924560547 47.900001525878906 -30.997100830078125
v 44.537303924560547 56 -30.997100830078125
v 39.985813140869141 47.900001525878906 -30.997100830078125
v 44.537303924560547 51.950000762939453 -30.997100830078125
v 39.985813140869141 56 -30.997100830078125
v 44.537303924560547 47.900001525878906 -38.798744201660156
v 44.537303924560547 56 -38.798744201660156
v 44.537303924560547 47.900001525878906 -34.897922515869141
v 44.537303924560547 51.950000762939453 -38.798744201660156
v 44.537303924560547 56 -34.897922515869141
v 39.985813140869141 47.900001525878906 -38.798744201660156
v 39.985813140869141 56 -38.798744201660156
f 348 341 345 343 346 344 347 342
f 346 343 351 349 352 350 353 344
f 352 349 356 354 357 355 358 350
f 357 354 359 341 348 342 360 355
f 359 354 356 349 351 343 345 341
f 353 350 358 355 360 342 347 344
g object_21
v 47.584327697753906 39.799999237060547 -38.798744201660156
v 47.584327697753906 47.900001525878906 -38.798744201660156
v 51.037616729736328 39.799999237060547 -38.798744201660156
v 51.037616729736328 47.900001525878906 -38.798744201660156
v 51.037616729736328 43.849998474121094 -38.798744201660156
v 47.584327697753906 43.849998474121094 -38.798744201660156
v 51.037616729736328 39.799999237060547 -47.495452880859375
v 51.037616729736328 47.900001525878906 -47.495452880859375
v 51.037616729736328 39.799999237060547 -43.147098541259766
v 51.037616729736328 43.849998474121094 -47.495452880859375
v 51.037616729736328 47.900001525878906 -43.147098541259766
v 47.584327697753906 39.799999237060547 -47.495452880859375
v 47.584327697753906 47.900001525878906 -47.495452880859375
v 47.584327697753906 43.849998474121094 -47.495452880859375
v 47.584327697753906 39.799999237060547 -43.147098541259766
v 47.584327697753906 47.900001525878906 -43.147098541259766
f 366 361 363 365 364 362
f 365 363 369 367 370 368 371 364
f 370 367 372 374 373 368
f 366 362 376 373 374 372 375 361
f 369 363 361 375 372 367
f 376 362 364 371 368 373
g object_22
v 35.434326171875 39.799999237060547 -47.495452880859375
v 35.434326171875 47.900001525878906 -47.495452880859375
v 35.434326171875 39.799999237060547 -38.798744201660156
v 35.434326171875 47.900001525878906 -38.798744201660156
v 35.434326171875 39.799999237060547 -43.147098541259766
v 35.434326171875 43.849998474121094 -38.798744201660156
v 35.434326171875 47.900001525878906 -43.147098541259766
v 35.434326171875 43.849998474121094 -47.495452880859375
v 39.636676788330078 39.799999237060547 -38.798744201660156
v 39.636676788330078 47.900001525878906 -38.798744201660156
v 39.636676788330078 43.849998474121094 -38.798744201660156
v 39.636676788330078 39.799999237060547 -47.495452880859375
v 39.636676788330078 47.900001525878906 -47.495452880859375
v 39.636676788330078 39.799999237060547 -43.147098541259766
v 39.636676788330078 43.849998474121094 -47.495452880859375
v 39.636676788330078 47.900001525878906 -43.147098541259766
f 384 377 381 379 382 380 383 378
f 382 379 385 387 386 380
f 387 385 390 388 391 389 392 386
f 391 388 377 384 378 389
f 388 390 385 379 381 377
f 389 378 383 380 386 392
g object_23
v 44.537303924560547 39.799999237060547 -30.997100830078125
v 44.537303924560547 47.900001525878906 -30.997100830078125
v 51.037616729736328 39.799999237060547 -30.997100830078125
v 51.037616729736328 47.900001525878906 -30.997100830078125
v 47.787460327148438 39.799999237060547 -30.997100830078125
v 51.037616729736328 43.849998474121094 -30.997100830078125
v 47.787460327148438 47.900001525878906 -30.997100830078125
v 44.537303924560547 43.849998474121094 -30.997100830078125
v 51.037616729736328 39.799999237060547 -38.798744201660156
v 51.037616729736328 47.900001525878906 -38.798744201660156
v 51.037616729736328 39.799999237060547 -34.897922515869141
v 51.037616729736328 43.849998474121094 -38.798744201660156
v 51.037616729736328 47.900001525878906 -34.897922515869141
v 44.537303924560547 39.799999237060547 -38.798744201660156
v 44.537303924560547 47.900001525878906 -38.798744201660156
v 47.787460327148438 39.799999237060547 -38.798744201660156
v 44.537303924560547 43.849998474121094 -38.798744201660156
v 47.787460327148438 47.900001525878906 -38.798744201660156
v 44.537303924560547 39.799999237060547 -34.897922515869141
v 44.537303924560547 47.900001525878906 -34.897922515869141
f 400 393 397 395 398 396 399 394
f 398 395 403 401 404 402 405 396
f 404 401 408 406 409 407 410 402
f 400 394 412 407 409 406 411 393
f 397 393 411 406 408 401 403 395
f 410 407 412 394 399 396 405 402
g object_24
v 35.434326171875 39.799999237060547 -38.798744201660156
v 35.434326171875 47.900001525878906 -38.798744201660156
v 35.434326171875 39.799999237060547 -30.997100830078125
v 35.434326171875 47.900001525878906 -30.997100830078125
v 35.434326171875 39.799999237060547 -34.897922515869141
v 35.434326171875 43.849998474121094 -30.997100830078125
v 35.434326171875 47.900001525878906 -34.897922515869141
v 35.434326171875 43.849998474121094 -38.798744201660156
v 44.537303924560547 39.799999237060547 -30.997100830078125
v 44.537303924560547 47.900001525878906 -30.997100830078125
v 39.985813140869141 39.799999237060547 -30.997100830078125
v 44.537303924560547 43.849998474121094 -30.997100830078125
v 39.985813140869141 47.900001525878906 -30.997100830078125
v 44.537303924560547 39.799999237060547 -38.798744201660156
v 44.537303924560547 47.900001525878906 -38.798744201660156
v 44.537303924560547 39.799999237060547 -34.897922515869141
v 44.537303924560547 43.849998474121094 -38.798744201660156
v 44.537303924560547 47.900001525878906 -34.897922515869141
v 39.985813140869141 39.799999237060547 -38.798744201660156
v 39.985813140869141 47.900001525878906 -38.798744201660156
f 420 413 417 415 418 416 419 414
f 418 415 423 421 424 422 425 416
f 424 421 428 426 429 427 430 422
f 429 426 431 413 420 414 432 427
f 431 426 428 421 423 415 417 413
f 425 422 430 427 432 414 419 416
g object_25
v 47.584327697753906 31.700000762939453 -38.798744201660156
v 47.584327697753906 39.799999237060547 -38.798744201660156
v 51.037616729736328 31.700000762939453 -38.798744201660156
v 51.037616729736328 39.799999237060547 -38.798744201660156
v 51.037616729736328 35.75 -38.798744201660156
v 47.584327697753906 35.75 -38.798744201660156
v 51.037616729736328 31.700000762939453 -47.495452880859375
v 51.037616729736328 39.799999237060547 -47.495452880859375
v 51.037616729736328 31.700000762939453 -43.147098541259766
v 51.037616729736328 35.75 -47.495452880859375
v 51.037616729736328 39.799999237060547 -43.147098541259766
v 47.584327697753906 31.700000762939453 -47.495452880859375
v 47.584327697753906 39.799999237060547 -47.495452880859375
v 47.584327697753906 35.75 -47.495452880859375
v 47.584327697753906 31.700000762939453 -43.147098541259766
v 47.584327697753906 39.799999237060547 -43.147098541259766
f 438 433 435 437 436 434
f 442 440 443 436 437 435 441 439
f 442 439 444 446 445 440
f 438 434 448 445 446 444 447 433
f 441 435 433 447 444 439
f 448 434 436 443 440 445
g object_26
v 35.434326171875 31.700000762939453 -47.495452880859375
v 35.434326171875 39.799999237060547 -47.495452880859375
v 35.434326171875 31.700000762939453 -38.798744201660156
v 35.434326171875 39.799999237060547 -38.798744201660156
v 35.434326171875 31.700000762939453 -43.147098541259766
v 35.434326171875 35.75 -38.798744201660156
v 35.434326171875 39.799999237060547 -43.147098541259766
v 35.434326171875 35.75 -47.495452880859375
v 39.636676788330078 31.700000762939453 -38.798744201660156
v 39.636676788330078 39.799999237060547 -38.798744201660156
v 39.636676788330078 35.75 -38.798744201660156
v 39.636676788330078 31.700000762939453 -47.495452880859375
v 39.636676788330078 39.799999237060547 -47.495452880859375
v 39.636676788330078 31.700000762939453 -43.147098541259766
v 39.636676788330078 35.75 -47.495452880859375
v 39.636676788330078 39.799999237060547 -43.147098541259766
f 456 449 453 451 454 452 455 450
f 454 451 457 459 458 452
f 459 457 462 460 463 461 464 458
f 463 460 449 456 450 461
f 460 462 457 451 453 449
f 461 450 455 452 458 464
g object_27
v 44.537303924560547 31.700000762939453 -30.997100830078125
v 44.537303924560547 39.799999237060547 -30.997100830078125
v 51.037616729736328 31.700000762939453 -30.997100830078125
v 51.037616729736328 39.799999237060547 -30.997100830078125
v 47.787460327148438 31.700000762939453 -30.997100830078125
v 51.037616729736328 35.75 -30.997100830078125
v 47.787460327148438 39.799999237060547 -30.997100830078125
v 44.537303924560547 35.75 -30.997100830078125
v 51.037616729736328 31.700000762939453 -38.798744201660156
v 51.037616729736328 39.799999237060547 -38.798744201660156
v 51.037616729736328 31.700000762939453 -34.897922515869141
v 51.037616729736328 35.75 -38.798744201660156
v 51.037616729736328 39.799999237060547 -34.897922515869141
v 44.537303924560547 31.700000762939453 -38.798744201660156
v 44.537303924560547 39.799999237060547 -38.798744201660156
v 47.787460327148438 31.700000762939453 -38.798744201660156
v 44.537303924560547 35.75 -38.798744201660156
v 47.787460327148438 39.799999237060547 -38.798744201660156
v 44.537303924560547 31.700000762939453 -34.897922515869141
v 44.537303924560547 39.799999237060547 -34.897922515869141
f 472 465 469 467 470 468 471 466
f 470 467 475 473 476 474 477 468
f 476 473 480 478 481 479 482 474
f 481 478 483 465 472 466 484 479
f 469 465 483 478 480 473 475 467
f 482 479 484 466 471 468 477 474
g object_28
v 35.434326171875 31.700000762939453 -38.798744201660156
v 35.434326171875 39.799999237060547 -38.798744201660156
v 35.434326171875 31.700000762939453 -30.997100830078125
v 35.434326171875 39.799999237060547 -30.997100830078125
v 35.434326171875 31.700000762939453 -34.897922515869141
v 35.434326171875 35.75 -30.997100830078125
v 35.434326171875 39.799999237060547 -34.897922515869141
v 35.434326171875 35.75 -38.798744201660156
v 44.537303924560547 31.700000762939453 -30.997100830078125
v 44.537303924560547 39.799999237060547 -30.997100830078125
v 39.985813140869141 31.700000762939453 -30.997100830078125
v 44.537303924560547 35.75 -30.997100830078125
v 39.985813140869141 39.799999237060547 -30.997100830078125
v 44.537303924560547 31.700000762939453 -38.798744201660156
v 44.537303924560547 39.799999237060547 -38.798744201660156
v 44.537303924560547 31.700000762939453 -34.897922515869141
v 44.537303924560547 35.75 -38.798744201660156
v 44.537303924560547 39.799999237060547 -34.897922515869141
v 39.985813140869141 31.700000762939453 -38.798744201660156
v 39.985813140869141 39.799999237060547 -38.798744201660156
f 492 485 489 487 490 488 491 486
f 490 487 495 493 496 494 497 488
f 496 493 500 498 501 499 502 494
f 501 498 503 485 492 486 504 499
f 503 498 500 493 495 487 489 485
f 497 494 502 499 504 486 491 488
g object_29
v 47.584327697753906 23.600000381469727 -38.798744201660156
v 47.584327697753906 31.700000762939453 -38.798744201660156
v 51.037616729736328 23.600000381469727 -38.798744201660156
v 51.037616729736328 31.700000762939453 -38.798744201660156
v 51.037616729736328 27.649999618530273 -38.798744201660156
v 47.584327697753906 27.649999618530273 -38.798744201660156
v 51.037616729736328 23.600000381469727 -47.495452880859375
v 51.037616729736328 31.700000762939453 -47.495452880859375
v 51.037616729736328 23.600000381469727 -43.147098541259766
v 51.037616729736328 27.649999618530273 -47.495452880859375
v 51.037616729736328 31.700000762939453 -43.147098541259766
v 47.584327697753906 23.600000381469727 -47.495452880859375
v 47.584327697753906 31.700000762939453 -47.495452880859375
v 47.584327697753906 27.649999618530273 -47.495452880859375
v 47.584327697753906 23.600000381469727 -43.147098541259766
v 47.584327697753906 31.700000762939453 -43.147098541259766
f 510 505 507 509 508 506
f 514 512 515 508 509 507 513 511
f 514 511 516 518 517 512
f 518 516 519 505 510 506 520 517
f 513 507 505 519 516 511
f 520 506 508 515 512 517
g object_30
v 35.434326171875 23.600000381469727 -47.495452880859375
v 35.434326171875 31.700000762939453 -47.495452880859375
v 35.434326171875 23.600000381469727 -38.798744201660156
v 35.434326171875 31.700000762939453 -38.798744201660156
v 35.434326171875 23.600000381469727 -43.147098541259766
v 35.434326171875 27.649999618530273 -38.798744201660156
v 35.434326171875 31.700000762939453 -43.147098541259766
v 35.434326171875 27.649999618530273 -47.495452880859375
v 39.636676788330078 23.600000381469727 -38.798744201660156
v 39.636676788330078 31.700000762939453 -38.798744201660156
v 39.636676788330078 27.649999618530273 -38.798744201660156
v 39.636676788330078 23.600000381469727 -47.495452880859375
v 39.636676788330078 31.700000762939453 -47.495452880859375
v 39.636676788330078 23.600000381469727 -43.147098541259766
v 39.636676788330078 27.649999618530273 -47.495452880859375
v 39.636676788330078 31.700000762939453 -43.147098541259766
f 528 521 525 523 526 524 527 522
f 526 523 529 531 530 524
f 531 529 534 532 535 533 536 530
f 535 532 521 528 522 533
f 532 534 529 523 525 521
f 533 522 527 524 530 536
g object_31
v 44.537303924560547 23.600000381469727 -30.997100830078125
v 44.537303924560547 31.700000762939453 -30.997100830078125
v 51.037616729736328 23.600000381469727 -30.997100830078125
v 51.037616729736328 31.700000762939453 -30.997100830078125
v 47.787460327148438 23.600000381469727 -30.997100830078125
v 51.037616729736328 27.649999618530273 -30.997100830078125
v 47.787460327148438 31.700000762939453 -30.997100830078125
v 44.537303924560547 27.649999618530273 -30.997100830078125
v 51.037616729736328 23.600000381469727 -38.798744201660156
v 51.037616729736328 31.700000762939453 -38.798744201660156
v 51.037616729736328 23.600000381469727 -34.897922515869141
v 51.037616729736328 27.649999618530273 -38.798744201660156
v 51.037616729736328 31.700000762939453 -34.897922515869141
v 44.537303924560547 23.600000381469727 -38.798744201660156
v 44.537303924560547 31.700000762939453 -38.798744201660156
v 47.787460327148438 23.600000381469727 -38.798744201660156
v 44.537303924560547 27.649999618530273 -38.798744201660156
v 47.787460327148438 31.700000762939453 -38.798744201660156
v 44.537303924560547 23.600000381469727 -34.897922515869141
v 44.537303924560547 31.700000762939453 -34.897922515869141
f 544 537 541 539 542 540 543 538
f 542 539 547 545 548 546 549 540
f 548 545 552 550 553 551 554 546
f 553 550 555 537 544 538 556 551
f 541 537 555 550 552 545 547 539
f 554 551 556 538 543 540 549 546
g object_32
v 35.434326171875 23.600000381469727 -38.798744201660156
v 35.434326171875 31.700000762939453 -38.798744201660156
v 35.434326171875 23.600000381469727 -30.997100830078125
v 35.434326171875 31.700000762939453 -30.997100830078125
v 35.434326171875 23.600000381469727 -34.897922515869141
v 35.434326171875 27.649999618530273 -30.997100830078125
v 35.434326171875 31.700000762939453 -34.897922515869141
v 35.434326171875 27.649999618530273 -38.798744201660156
v 44.537303924560547 23.600000381469727 -30.997100830078125
v 44.537303924560547 31.700000762939453 -30.997100830078125
v 39.985813140869141 23.600000381469727 -30.997100830078125
v 44.537303924560547 27.649999618530273 -30.997100830078125
v 39.985813140869141 31.700000762939453 -30.997100830078125
v 44.537303924560547 23.600000381469727 -38.798744201660156
v 44.537303924560547 31.700000762939453 -38.798744201660156
v 44.537303924560547 23.600000381469727 -34.897922515869141
v 44.537303924560547 27.649999618530273 -38.798744201660156
v 44.537303924560547 31.700000762939453 -34.897922515869141
v 39.985813140869141 23.600000381469727 -38.798744201660156
v 39.985813140869141 31.700000762939453 -38.798744201660156
f 562 560 563 558 564 557 561 559
f 562 559 567 565 568 566 569 560
f 568 565 572 570 573 571 574 566
f 573 570 575 557 564 558 576 571
f 575 570 572 565 567 559 561 557
f 569 566 574 571 576 558 563 560
g object_33
v 47.584327697753906 15.5 -38.798744201660156
v 47.584327697753906 23.600000381469727 -38.798744201660156
v 51.037616729736328 15.5 -38.798744201660156
v 51.037616729736328 23.600000381469727 -38.798744201660156
v 51.037616729736328 19.549999237060547 -38.798744201660156
v 47.584327697753906 19.549999237060547 -38.798744201660156
v 51.037616729736328 15.5 -47.495452880859375
v 51.037616729736328 23.600000381469727 -47.495452880859375
v 51.037616729736328 15.5 -43.147098541259766
v 51.037616729736328 19.549999237060547 -47.495452880859375
v 51.037616729736328 23.600000381469727 -43.147098541259766
v 47.584327697753906 15.5 -47.495452880859375
v 47.584327697753906 23.600000381469727 -47.495452880859375
v 47.584327697753906 19.549999237060547 -47.495452880859375
v 47.584327697753906 15.5 -43.147098541259766
v 47.584327697753906 23.600000381469727 -43.147098541259766
f 582 577 579 581 580 578
f 587 580 581 579 585 583 586 584
f 586 583 588 590 589 584
f 582 578 592 589 590 588 591 577
f 585 579 577 591 588 583
f 592 578 580 587 584 589
g object_34
v 35.434326171875 15.5 -47.495452880859375
v 35.434326171875 23.600000381469727 -47.495452880859375
v 35.434326171875 15.5 -38.798744201660156
v 35.434326171875 23.600000381469727 -38.798744201660156
v 35.434326171875 15.5 -43.147098541259766
v 35.434326171875 19.549999237060547 -38.798744201660156
v 35.434326171875 23.600000381469727 -43.147098541259766
v 35.434326171875 19.549999237060547 -47.495452880859375
v 39.636676788330078 15.5 -38.798744201660156
v 39.636676788330078 23.600000381469727 -38.798744201660156
v 39.636676788330078 19.549999237060547 -38.798744201660156
v 39.636676788330078 15.5 -47.495452880859375
v 39.636676788330078 23.600000381469727 -47.495452880859375
v 39.636676788330078 15.5 -43.147098541259766
v 39.636676788330078 19.549999237060547 -47.495452880859375
v 39.636676788330078 23.600000381469727 -43.147098541259766
f 600 593 597 595 598 596 599 594
f 598 595 601 603 602 596
f 603 601 606 604 607 605 608 602
f 607 604 593 600 594 605
f 604 606 601 595 597 593
f 605 594 599 596 602 608
g object_35
v 44.537303924560547 15.5 -30.997100830078125
v 44.537303924560547 23.600000381469727 -30.997100830078125
v 51.037616729736328 15.5 -30.997100830078125
v 51.037616729736328 23.600000381469727 -30.997100830078125
v 47.787460327148438 15.5 -30.997100830078125
v 51.037616729736328 19.549999237060547 -30.997100830078125
v 47.787460327148438 23.600000381469727 -30.997100830078125
v 44.537303924560547 19.549999237060547 -30.997100830078125
v 51.037616729736328 15.5 -38.798744201660156
v 51.037616729736328 23.600000381469727 -38.798744201660156
v 51.037616729736328 15.5 -34.897922515869141
v 51.037616729736328 19.549999237060547 -38.798744201660156
v 51.037616729736328 23.600000381469727 -34.897922515869141
v 44.537303924560547 15.5 -38.798744201660156
v 44.537303924560547 23.600000381469727 -38.798744201660156
v 47.787460327148438 15.5 -38.798744201660156
v 44.537303924560547 19.549999237060547 -38.798744201660156
v 47.787460327148438 23.600000381469727 -38.798744201660156
v 44.537303924560547 15.5 -34.897922515869141
v 44.537303924560547 23.600000381469727 -34.897922515869141
f 616 609 613 611 614 612 615 610
f 614 611 619 617 620 618 621 612
f 620 617 624 622 625 623 626 618
f 616 610 628 623 625 622 627 609
f 613 609 627 622 624 617 619 611
f 626 623 628 610 615 612 621 618
g object_36
v 35.434326171875 15.5 -38.798744201660156
v 35.434326171875 23.600000381469727 -38.798744201660156
v 35.434326171875 15.5 -30.997100830078125
v 35.434326171875 23.600000381469727 -30.997100830078125
v 35.434326171875 15.5 -34.897922515869141
v 35.434326171875 19.549999237060547 -30.997100830078125
v 35.434326171875 23.600000381469727 -34.897922515869141
v 35.434326171875 19.549999237060547 -38.798744201660156
v 44.537303924560547 15.5 -30.997100830078125
v 44.537303924560547 23.600000381469727 -30.997100830078125
v 39.985813140869141 15.5 -30.997100830078125
v 44.537303924560547 19.549999237060547 -30.997100830078125
v 39.985813140869141 23.600000381469727 -30.997100830078125
v 44.537303924560547 15.5 -38.798744201660156
v 44.537303924560547 23.600000381469727 -38.798744201660156
v 44.537303924560547 15.5 -34.897922515869141
v 44.537303924560547 19.549999237060547 -38.798744201660156
v 44.537303924560547 23.600000381469727 -34.897922515869141
v 39.985813140869141 15.5 -38.798744201660156
v 39.985813140869141 23.600000381469727 -38.798744201660156
f 636 629 633 631 634 632 635 630
f 634 631 639 637 640 638 641 632
f 640 637 644 642 645 643 646 638
f 645 642 647 629 636 630 648 643
f 647 642 644 637 639 631 633 629
f 641 638 646 643 648 630 635 632
g object_37
v 35.434326171875 15.5 -14.797100067138672
v 35.434326171875 23.600000381469727 -14.797100067138672
v 35.434326171875 15.5 -4.3987460136413574
v 35.434326171875 23.600000381469727 -4.3987460136413574
v 35.434326171875 15.5 -9.5979232788085938
v 35.434326171875 19.549999237060547 -4.3987460136413574
v 35.434326171875 23.600000381469727 -9.5979232788085938
v 35.434326171875 19.549999237060547 -14.797100067138672
v 44.537303924560547 15.5 -4.3987460136413574
v 44.537303924560547 23.600000381469727 -4.3987460136413574
v 39.985813140869141 15.5 -4.3987460136413574
v 44.537303924560547 19.549999237060547 -4.3987460136413574
v 39.985813140869141 23.600000381469727 -4.3987460136413574
v 44.537303924560547 15.5 -14.797100067138672
v 44.537303924560547 23.600000381469727 -14.797100067138672
v 44.537303924560547 15.5 -9.5979232788085938
v 44.537303924560547 19.549999237060547 -14.797100067138672
v 44.537303924560547 23.600000381469727 -9.5979232788085938
v 39.985813140869141 15.5 -14.797100067138672
v 39.985813140869141 23.600000381469727 -14.797100067138672
f 656 649 653 651 654 652 655 650
f 654 651 659 657 660 658 661 652
f 660 657 664 662 665 663 666 658
f 665 662 667 649 656 650 668 663
f 653 649 667 662 664 657 659 651
f 666 663 668 650 655 652 661 658
g object_38
v 44.537303924560547 15.5 -4.3987460136413574
v 44.537303924560547 23.600000381469727 -4.3987460136413574
v 51.037616729736328 15.5 -4.3987460136413574
v 51.037616729736328 23.600000381469727 -4.3987460136413574
v 47.787460327148438 15.5 -4.3987460136413574
v 51.037616729736328 19.549999237060547 -4.3987460136413574
v 47.787460327148438 23.600000381469727 -4.3987460136413574
v 44.537303924560547 19.549999237060547 -4.3987460136413574
v 51.037616729736328 15.5 -14.797100067138672
v 51.037616729736328 23.600000381469727 -14.797100067138672
v 51.037616729736328 15.5 -9.5979232788085938
v 51.037616729736328 19.549999237060547 -14.797100067138672
v 51.037616729736328 23.600000381469727 -9.5979232788085938
v 44.537303924560547 15.5 -14.797100067138672
v 44.537303924560547 23.600000381469727 -14.797100067138672
v 47.787460327148438 15.5 -14.797100067138672
v 44.537303924560547 19.549999237060547 -14.797100067138672
v 47.787460327148438 23.600000381469727 -14.797100067138672
v 44.537303924560547 15.5 -9.5979232788085938
v 44.537303924560547 23.600000381469727 -9.5979232788085938
f 676 669 673 671 674 672 675 670
f 674 671 679 677 680 678 681 672
f 680 677 684 682 685 683 686 678
f 688 683 685 682 687 669 676 670
f 673 669 687 682 684 677 679 671
f 688 670 675 672 681 678 686 683
g object_39
v 35.434326171875 23.600000381469727 -14.797100067138672
v 35.434326171875 31.700000762939453 -14.797100067138672
v 35.434326171875 23.600000381469727 -4.3987460136413574
v 35.434326171875 31.700000762939453 -4.3987460136413574
v 35.434326171875 23.600000381469727 -9.5979232788085938
v 35.434326171875 27.649999618530273 -4.3987460136413574
v 35.434326171875 31.700000762939453 -9.5979232788085938
v 35.434326171875 27.649999618530273 -14.797100067138672
v 44.537303924560547 23.600000381469727 -4.3987460136413574
v 44.537303924560547 31.700000762939453 -4.3987460136413574
v 39.985813140869141 23.600000381469727 -4.3987460136413574
v 44.537303924560547 27.649999618530273 -4.3987460136413574
v 39.985813140869141 31.700000762939453 -4.3987460136413574
v 44.537303924560547 23.600000381469727 -14.797100067138672
v 44.537303924560547 31.700000762939453 -14.797100067138672
v 44.537303924560547 23.600000381469727 -9.5979232788085938
v 44.537303924560547 27.649999618530273 -14.797100067138672
v 44.537303924560547 31.700000762939453 -9.5979232788085938
v 39.985813140869141 23.600000381469727 -14.797100067138672
v 39.985813140869141 31.700000762939453 -14.797100067138672
f 694 692 695 690 696 689 693 691
f 694 691 699 697 700 698 701 692
f 700 697 704 702 705 703 706 698
f 705 702 707 689 696 690 708 703
f 693 689 707 702 704 697 699 691
f 706 703 708 690 695 692 701 698
g object_40
v 44.537303924560547 23.600000381469727 -4.3987460136413574
v 44.537303924560547 31.700000762939453 -4.3987460136413574
v 51.037616729736328 23.600000381469727 -4.3987460136413574
v 51.037616729736328 31.700000762939453 -4.3987460136413574
v 47.787460327148438 23.600000381469727 -4.3987460136413574
v 51.037616729736328 27.649999618530273 -4.3987460136413574
v 47.787460327148438 31.700000762939453 -4.3987460136413574
v 44.537303924560547 27.649999618530273 -4.3987460136413574
v 51.037616729736328 23.600000381469727 -14.797100067138672
v 51.037616729736328 31.700000762939453 -14.797100067138672
v 51.037616729736328 23.600000381469727 -9.5979232788085938
v 51.037616729736328 27.649999618530273 -14.797100067138672
v 51.037616729736328 31.700000762939453 -9.5979232788085938
v 44.537303924560547 23.600000381469727 -14.797100067138672
v 44.537303924560547 31.700000762939453 -14.797100067138672
v 47.787460327148438 23.600000381469727 -14.797100067138672
v 44.537303924560547 27.649999618530273 -14.797100067138672
v 47.787460327148438 31.700000762939453 -14.797100067138672
v 44.537303924560547 23.600000381469727 -9.5979232788085938
v 44.537303924560547 31.700000762939453 -9.5979232788085938
f 716 709 713 711 714 712 715 710
f 721 712 714 711 719 717 720 718
f 720 717 724 722 725 723 726 718
f 725 722 727 709 716 710 728 723
f 713 709 727 722 724 717 719 711
f 728 710 715 712 721 718 726 723
g object_41
v 35.434326171875 31.700000762939453 -14.797100067138672
v 35.434326171875 39.799999237060547 -14.797100067138672
v 35.434326171875 31.700000762939453 -4.3987460136413574
v 35.434326171875 39.799999237060547 -4.3987460136413574
v 35.434326171875 31.700000762939453 -9.5979232788085938
v 35.434326171875 35.75 -4.3987460136413574
v 35.434326171875 39.799999237060547 -9.5979232788085938
v 35.434326171875 35.75 -14.797100067138672
v 44.537303924560547 31.700000762939453 -4.3987460136413574
v 44.537303924560547 39.799999237060547 -4.3987460136413574
v 39.985813140869141 31.700000762939453 -4.3987460136413574
v 44.537303924560547 35.75 -4.3987460136413574
v 39.985813140869141 39.799999237060547 -4.3987460136413574
v 44.537303924560547 31.700000762939453 -14.797100067138672
v 44.537303924560547 39.799999237060547 -14.797100067138672
v 44.537303924560547 31.700000762939453 -9.5979232788085938
v 44.537303924560547 35.75 -14.797100067138672
v 44.537303924560547 39.799999237060547 -9.5979232788085938
v 39.985813140869141 31.700000762939453 -14.797100067138672
v 39.985813140869141 39.799999237060547 -14.797100067138672
f 736 729 733 731 734 732 735 730
f 734 731 739 737 740 738 741 732
f 746 738 740 737 744 742 745 743
f 745 742 747 729 736 730 748 743
f 733 729 747 742 744 737 739 731
f 746 743 748 730 735 732 741 738
g object_42
v 44.537303924560547 31.700000762939453 -4.3987460136413574
v 44.537303924560547 39.799999237060547 -4.3987460136413574
v 51.037616729736328 31.700000762939453 -4.3987460136413574
v 51.037616729736328 39.799999237060547 -4.3987460136413574
v 47.787460327148438 31.700000762939453 -4.3987460136413574
v 51.037616729736328 35.75 -4.3987460136413574
v 47.787460327148438 39.799999237060547 -4.3987460136413574
v 44.537303924560547 35.75 -4.3987460136413574
v 51.037616729736328 31.700000762939453 -14.797100067138672
v 51.037616729736328 39.799999237060547 -14.797100067138672
v 51.037616729736328 31.700000762939453 -9.5979232788085938
v 51.037616729736328 35.75 -14.797100067138672
v 51.037616729736328 39.799999237060547 -9.5979232788085938
v 44.537303924560547 31.700000762939453 -14.797100067138672
v 44.537303924560547 39.799999237060547 -14.797100067138672
v 47.787460327148438 31.700000762939453 -14.797100067138672
v 44.537303924560547 35.75 -14.797100067138672
v 47.787460327148438 39.799999237060547 -14.797100067138672
v 44.537303924560547 31.700000762939453 -9.5979232788085938
v 44.537303924560547 39.799999237060547 -9.5979232788085938
f 756 749 753 751 754 752 755 750
f 754 751 759 757 760 758 761 752
f 760 757 764 762 765 763 766 758
f 765 762 767 749 756 750 768 763
f 753 749 767 762 764 757 759 751
f 768 750 755 752 761 758 766 763
g object_43
v 35.434326171875 39.799999237060547 -14.797100067138672
v 35.434326171875 47.900001525878906 -14.797100067138672
v 35.434326171875 39.799999237060547 -4.3987460136413574
v 35.434326171875 47.900001525878906 -4.3987460136413574
v 35.434326171875 39.799999237060547 -9.5979232788085938
v 35.434326171875 43.849998474121094 -4.3987460136413574
v 35.434326171875 47.900001525878906 -9.5979232788085938
v 35.434326171875 43.849998474121094 -14.797100067138672
v 44.537303924560547 39.799999237060547 -4.3987460136413574
v 44.537303924560547 47.900001525878906 -4.3987460136413574
v 39.985813140869141 39.799999237060547 -4.3987460136413574
v 44.537303924560547 43.849998474121094 -4.3987460136413574
v 39.985813140869141 47.900001525878906 -4.3987460136413574
v 44.537303924560547 39.799999237060547 -14.797100067138672
v 44.537303924560547 47.900001525878906 -14.797100067138672
v 44.537303924560547 39.799999237060547 -9.5979232788085938
v 44.537303924560547 43.849998474121094 -14.797100067138672
v 44.537303924560547 47.900001525878906 -9.5979232788085938
v 39.985813140869141 39.799999237060547 -14.797100067138672
v 39.985813140869141 47.900001525878906 -14.797100067138672
f 776 769 773 771 774 772 775 770
f 774 771 779 777 780 778 781 772
f 780 777 784 782 785 783 786 778
f 785 782 787 769 776 770 788 783
f 773 769 787 782 784 777 779 771
f 786 783 788 770 775 772 781 778
g object_44
v 44.537303924560547 39.799999237060547 -4.3987460136413574
v 44.537303924560547 47.900001525878906 -4.3987460136413574
v 51.037616729736328 39.799999237060547 -4.3987460136413574
v 51.037616729736328 47.900001525878906 -4.3987460136413574
v 47.787460327148438 39.799999237060547 -4.3987460136413574
v 51.037616729736328 43.849998474121094 -4.3987460136413574
v 47.787460327148438 47.900001525878906 -4.3987460136413574
v 44.537303924560547 43.849998474121094 -4.3987460136413574
v 51.037616729736328 39.799999237060547 -14.797100067138672
v 51.037616729736328 47.900001525878906 -14.797100067138672
v 51.037616729736328 39.799999237060547 -9.5979232788085938
v 51.037616729736328 43.849998474121094 -14.797100067138672
v 51.037616729736328 47.900001525878906 -9.5979232788085938
v 44.537303924560547 39.799999237060547 -14.797100067138672
v 44.537303924560547 47.900001525878906 -14.797100067138672
v 47.787460327148438 39.799999237060547 -14.797100067138672
v 44.537303924560547 43.849998474121094 -14.797100067138672
v 47.787460327148438 47.900001525878906 -14.797100067138672
v 44.537303924560547 39.799999237060547 -9.5979232788085938
v 44.537303924560547 47.900001525878906 -9.5979232788085938
f 796 789 793 791 794 792 795 790
f 794 791 799 797 800 798 801 792
f 800 797 804 802 805 803 806 798
f 796 790 808 803 805 802 807 789
f 793 789 807 802 804 797 799 791
f 808 790 795 792 801 798 806 803
g object_45
v 35.434326171875 47.900001525878906 -14.797100067138672
v 35.434326171875 56 -14.797100067138672
v 35.434326171875 47.900001525878906 -4.3987460136413574
v 35.434326171875 56 -4.3987460136413574
v 35.434326171875 47.900001525878906 -9.5979232788085938
v 35.434326171875 51.950000762939453 -4.3987460136413574
v 35.434326171875 56 -9.5979232788085938
v 35.434326171875 51.950000762939453 -14.797100067138672
v 44.537303924560547 47.900001525878906 -4.3987460136413574
v 44.537303924560547 56 -4.3987460136413574
v 39.985813140869141 47.900001525878906 -4.3987460136413574
v 44.537303924560547 51.950000762939453 -4.3987460136413574
v 39.985813140869141 56 -4.3987460136413574
v 44.537303924560547 47.900001525878906 -14.797100067138672
v 44.537303924560547 56 -14.797100067138672
v 44.537303924560547 47.900001525878906 -9.5979232788085938
v 44.537303924560547 51.950000762939453 -14.797100067138672
v 44.537303924560547 56 -9.5979232788085938
v 39.985813140869141 47.900001525878906 -14.797100067138672
v 39.985813140869141 56 -14.797100067138672
f 816 809 813 811 814 812 815 810
f 814 811 819 817 820 818 821 812
f 820 817 824 822 825 823 826 818
f 825 822 827 809 816 810 828 823
f 813 809 827 822 824 817 819 811
f 826 823 828 810 815 812 821 818
g object_46
v 44.537303924560547 47.900001525878906 -4.3987460136413574
v 44.537303924560547 56 -4.3987460136413574
v 51.037616729736328 47.900001525878906 -4.3987460136413574
v 51.037616729736328 56 -4.3987460136413574
v 47.787460327148438 47.900001525878906 -4.3987460136413574
v 51.037616729736328 51.950000762939453 -4.3987460136413574
v 47.787460327148438 56 -4.3987460136413574
v 44.537303924560547 51.950000762939453 -4.3987460136413574
v 51.037616729736328 47.900001525878906 -14.797100067138672
v 51.037616729736328 56 -14.797100067138672
v 51.037616729736328 47.900001525878906 -9.5979232788085938
v 51.037616729736328 51.950000762939453 -14.797100067138672
v 51.037616729736328 56 -9.5979232788085938
v 44.537303924560547 47.900001525878906 -14.797100067138672
v 44.537303924560547 56 -14.797100067138672
v 47.787460327148438 47.900001525878906 -14.797100067138672
v 44.537303924560547 51.950000762939453 -14.797100067138672
v 47.787460327148438 56 -14.797100067138672
v 44.537303924560547 47.900001525878906 -9.5979232788085938
v 44.537303924560547 56 -9.5979232788085938
f 836 829 833 831 834 832 835 830
f 840 838 841 832 834 831 839 837
f 840 837 844 842 845 843 846 838
f 845 842 847 829 836 830 848 843
f 833 829 847 842 844 837 839 831
f 848 830 835 832 841 838 846 843
g object_47
v 35.434326171875 56 -14.797100067138672
v 35.434326171875 64.099998474121094 -14.797100067138672
v 35.434326171875 56 -4.3987460136413574
v 35.434326171875 64.099998474121094 -4.3987460136413574
v 35.434326171875 56 -9.5979232788085938
v 35.434326171875 60.049999237060547 -4.3987460136413574
v 35.434326171875 64.099998474121094 -9.5979232788085938
v 35.434326171875 60.049999237060547 -14.797100067138672
v 44.537303924560547 56 -4.3987460136413574
v 44.537303924560547 64.099998474121094 -4.3987460136413574
v 39.985813140869141 56 -4.3987460136413574
v 44.537303924560547 60.049999237060547 -4.3987460136413574
v 39.985813140869141 64.099998474121094 -4.3987460136413574
v 44.537303924560547 56 -14.797100067138672
v 44.537303924560547 64.099998474121094 -14.797100067138672
v 44.537303924560547 56 -9.5979232788085938
v 44.537303924560547 60.049999237060547 -14.797100067138672
v 44.537303924560547 64.099998474121094 -9.5979232788085938
v 39.985813140869141 56 -14.797100067138672
v 39.985813140869141 64.099998474121094 -14.797100067138672
f 855 850 856 849 853 851 854 852
f 854 851 859 857 860 858 861 852
f 860 857 864 862 865 863 866 858
f 865 862 867 849 856 850 868 863
f 853 849 867 862 864 857 859 851
f 866 863 868 850 855 852 861 858
g object_48
v 44.537303924560547 56 -4.3987460136413574
v 44.537303924560547 64.099998474121094 -4.3987460136413574
v 51.037616729736328 56 -4.3987460136413574
v 51.037616729736328 64.099998474121094 -4.3987460136413574
v 47.787460327148438 56 -4.3987460136413574
v 51.037616729736328 60.049999237060547 -4.3987460136413574
v 47.787460327148438 64.099998474121094 -4.3987460136413574
v 44.537303924560547 60.049999237060547 -4.3987460136413574
v 51.037616729736328 56 -14.797100067138672
v 51.037616729736328 64.099998474121094 -14.797100067138672
v 51.037616729736328 56 -9.5979232788085938
v 51.037616729736328 60.049999237060547 -14.797100067138672
v 51.037616729736328 64.099998474121094 -9.5979232788085938
v 44.537303924560547 56 -14.797100067138672
v 44.537303924560547 64.099998474121094 -14.797100067138672
v 47.787460327148438 56 -14.797100067138672
v 44.537303924560547 60.049999237060547 -14.797100067138672
v 47.787460327148438 64.099998474121094 -14.797100067138672
v 44.537303924560547 56 -9.5979232788085938
v 44.537303924560547 64.099998474121094 -9.5979232788085938
f 876 869 873 871 874 872 875 870
f 874 871 879 877 880 878 881 872
f 880 877 884 882 885 883 886 878
f 876 870 888 883 885 882 887 869
f 873 869 887 882 884 877 879 871
f 888 870 875 872 881 878 886 883
g object_49
v 35.434326171875 64.099998474121094 -14.797100067138672
v 35.434326171875 72.199996948242188 -14.797100067138672
v 35.434326171875 64.099998474121094 -4.3987460136413574
v 35.434326171875 72.199996948242188 -4.3987460136413574
v 35.434326171875 64.099998474121094 -9.5979232788085938
v 35.434326171875 68.150001525878906 -4.3987460136413574
v 35.434326171875 72.199996948242188 -9.5979232788085938
v 35.434326171875 68.150001525878906 -14.797100067138672
v 44.537303924560547 64.099998474121094 -4.3987460136413574
v 44.537303924560547 72.199996948242188 -4.3987460136413574
v 39.985813140869141 64.099998474121094 -4.3987460136413574
v 44.537303924560547 68.150001525878906 -4.3987460136413574
v 39.985813140869141 72.199996948242188 -4.3987460136413574
v 44.537303924560547 64.099998474121094 -14.797100067138672
v 44.537303924560547 72.199996948242188 -14.797100067138672
v 44.537303924560547 64.099998474121094 -9.5979232788085938
v 44.537303924560547 68.150001525878906 -14.797100067138672
v 44.537303924560547 72.199996948242188 -9.5979232788085938
v 39.985813140869141 64.099998474121094 -14.797100067138672
v 39.985813140869141 72.199996948242188 -14.797100067138672
f 896 889 893 891 894 892 895 890
f 894 891 899 897 900 898 901 892
f 900 897 904 902 905 903 906 898
f 905 902 907 889 896 890 908 903
f 893 889 907 902 904 897 899 891
f 906 903 908 890 895 892 901 898
g object_50
v 44.537303924560547 64.099998474121094 -4.3987460136413574
v 44.537303924560547 72.199996948242188 -4.3987460136413574
v 51.037616729736328 64.099998474121094 -4.3987460136413574
v 51.037616729736328 72.199996948242188 -4.3987460136413574
v 47.787460327148438 64.099998474121094 -4.3987460136413574
v 51.037616729736328 68.150001525878906 -4.3987460136413574
v 47.787460327148438 72.199996948242188 -4.3987460136413574
v 44.537303924560547 68.150001525878906 -4.3987460136413574
v 51.037616729736328 64.099998474121094 -14.797100067138672
v 51.037616729736328 72.199996948242188 -14.797100067138672
v 51.037616729736328 64.099998474121094 -9.5979232788085938
v 51.037616729736328 68.150001525878906 -14.797100067138672
v 51.037616729736328 72.199996948242188 -9.5979232788085938
v 44.537303924560547 64.099998474121094 -14.797100067138672
v 44.537303924560547 72.199996948242188 -14.797100067138672
v 47.787460327148438 64.099998474121094 -14.797100067138672
v 44.537303924560547 68.150001525878906 -14.797100067138672
v 47.787460327148438 72.199996948242188 -14.797100067138672
v 44.537303924560547 64.099998474121094 -9.5979232788085938
v 44.537303924560547 72.199996948242188 -9.5979232788085938
f 916 909 913 911 914 912 915 910
f 921 912 914 911 919 917 920 918
f 920 917 924 922 925 923 926 918
f 925 922 927 909 916 910 928 923
f 913 909 927 922 924 917 919 911
f 928 910 915 912 921 918 926 923
g object_51
v 35.434326171875 72.199996948242188 -14.797100067138672
v 35.434326171875 80.300003051757812 -14.797100067138672
v 35.434326171875 72.199996948242188 -4.3987460136413574
v 35.434326171875 80.300003051757812 -4.3987460136413574
v 35.434326171875 72.199996948242188 -9.5979232788085938
v 35.434326171875 76.25 -4.3987460136413574
v 35.434326171875 80.300003051757812 -9.5979232788085938
v 35.434326171875 76.25 -14.797100067138672
v 44.537303924560547 72.199996948242188 -4.3987460136413574
v 44.537303924560547 80.300003051757812 -4.3987460136413574
v 39.985813140869141 72.199996948242188 -4.3987460136413574
v 44.537303924560547 76.25 -4.3987460136413574
v 39.985813140869141 80.300003051757812 -4.3987460136413574
v 44.537303924560547 72.199996948242188 -14.797100067138672
v 44.537303924560547 80.300003051757812 -14.797100067138672
v 44.537303924560547 72.199996948242188 -9.5979232788085938
v 44.537303924560547 76.25 -14.797100067138672
v 44.537303924560547 80.300003051757812 -9.5979232788085938
v 39.985813140869141 72.199996948242188 -14.797100067138672
v 39.985813140869141 80.300003051757812 -14.797100067138672
f 936 929 933 931 934 932 935 930
f 934 931 939 937 940 938 941 932
f 946 938 940 937 944 942 945 943
f 945 942 947 929 936 930 948 943
f 933 929 947 942 944 937 939 931
f 946 943 948 930 935 932 941 938
g object_52
v 44.537303924560547 72.199996948242188 -4.3987460136413574
v 44.537303924560547 80.300003051757812 -4.3987460136413574
v 51.037616729736328 72.199996948242188 -4.3987460136413574
v 51.037616729736328 80.300003051757812 -4.3987460136413574
v 47.787460327148438 72.199996948242188 -4.3987460136413574
v 51.037616729736328 76.25 -4.3987460136413574
v 47.787460327148438 80.300003051757812 -4.3987460136413574
v 44.537303924560547 76.25 -4.3987460136413574
v 51.037616729736328 72.199996948242188 -14.797100067138672
v 51.037616729736328 80.300003051757812 -14.797100067138672
v 51.037616729736328 72.199996948242188 -9.5979232788085938
v 51.037616729736328 76.25 -14.797100067138672
v 51.037616729736328 80.300003051757812 -9.5979232788085938
v 44.537303924560547 72.199996948242188 -14.797100067138672
v 44.537303924560547 80.300003051757812 -14.797100067138672
v 47.787460327148438 72.199996948242188 -14.797100067138672
v 44.537303924560547 76.25 -14.797100067138672
v 47.787460327148438 80.300003051757812 -14.797100067138672
v 44.537303924560547 72.199996948242188 -9.5979232788085938
v 44.537303924560547 80.300003051757812 -9.5979232788085938
f 956 949 953 951 954 952 955 950
f 954 951 959 957 960 958 961 952
f 960 957 964 962 965 963 966 958
f 968 963 965 962 967 949 956 950
f 953 949 967 962 964 957 959 951
f 968 950 955 952 961 958 966 963
g object_53
v 35.434326171875 80.300003051757812 -14.797100067138672
v 35.434326171875 88.400001525878906 -14.797100067138672
v 35.434326171875 80.300003051757812 -4.3987460136413574
v 35.434326171875 88.400001525878906 -4.3987460136413574
v 35.434326171875 80.300003051757812 -9.5979232788085938
v 35.434326171875 84.349998474121094 -4.3987460136413574
v 35.434326171875 88.400001525878906 -9.5979232788085938
v 35.434326171875 84.349998474121094 -14.797100067138672
v 44.537303924560547 80.300003051757812 -4.3987460136413574
v 44.537303924560547 88.400001525878906 -4.3987460136413574
v 39.985813140869141 80.300003051757812 -4.3987460136413574
v 44.537303924560547 84.349998474121094 -4.3987460136413574
v 39.985813140869141 88.400001525878906 -4.3987460136413574
v 44.537303924560547 80.300003051757812 -14.797100067138672
v 44.537303924560547 88.400001525878906 -14.797100067138672
v 44.537303924560547 80.300003051757812 -9.5979232788085938
v 44.537303924560547 84.349998474121094 -14.797100067138672
v 44.537303924560547 88.400001525878906 -9.5979232788085938
v 39.985813140869141 80.300003051757812 -14.797100067138672
v 39.985813140869141 88.400001525878906 -14.797100067138672
f 975 970 976 969 973 971 974 972
f 974 971 979 977 980 978 981 972
f 980 977 984 982 985 983 986 978
f 985 982 987 969 976 970 988 983
f 973 969 987 982 984 977 979 971
f 986 983 988 970 975 972 981 978
g object_54
v 44.537303924560547 80.300003051757812 -4.3987460136413574
v 44.537303924560547 88.400001525878906 -4.3987460136413574
v 51.037616729736328 80.300003051757812 -4.3987460136413574
v 51.037616729736328 88.400001525878906 -4.3987460136413574
v 47.787460327148438 80.300003051757812 -4.3987460136413574
v 51.037616729736328 84.349998474121094 -4.3987460136413574
v 47.787460327148438 88.400001525878906 -4.3987460136413574
v 44.537303924560547 84.349998474121094 -4.3987460136413574
v 51.037616729736328 80.300003051757812 -14.797100067138672
v 51.037616729736328 88.400001525878906 -14.797100067138672
v 51.037616729736328 80.300003051757812 -9.5979232788085938
v 51.037616729736328 84.349998474121094 -14.797100067138672
v 51.037616729736328 88.400001525878906 -9.5979232788085938
v 44.537303924560547 80.300003051757812 -14.797100067138672
v 44.537303924560547 88.400001525878906 -14.797100067138672
v 47.787460327148438 80.300003051757812 -14.797100067138672
v 44.537303924560547 84.349998474121094 -14.797100067138672
v 47.787460327148438 88.400001525878906 -14.797100067138672
v 44.537303924560547 80.300003051757812 -9.5979232788085938
v 44.537303924560547 88.400001525878906 -9.5979232788085938
f 996 989 993 991 994 992 995 990
f 994 991 999 997 1000 998 1001 992
f 1000 997 1004 1002 1005 1003 1006 998
f 1005 1002 1007 989 996 990 1008 1003
f 993 989 1007 1002 1004 997 999 991
f 1008 990 995 992 1001 998 1006 1003
g object_55
v 44.537303924560547 80.300003051757812 -22.897100448608398
v 44.537303924560547 88.400001525878906 -22.897100448608398
v 51.037616729736328 80.300003051757812 -22.897100448608398
v 51.037616729736328 88.400001525878906 -22.897100448608398
v 47.787460327148438 80.300003051757812 -22.897100448608398
v 51.037616729736328 84.349998474121094 -22.897100448608398
v 47.787460327148438 88.400001525878906 -22.897100448608398
v 44.537303924560547 84.349998474121094 -22.897100448608398
v 51.037616729736328 80.300003051757812 -30.997100830078125
v 51.037616729736328 88.400001525878906 -30.997100830078125
v 51.037616729736328 80.300003051757812 -26.947099685668945
v 51.037616729736328 84.349998474121094 -30.997100830078125
v 51.037616729736328 88.400001525878906 -26.947099685668945
v 44.537303924560547 80.300003051757812 -30.997100830078125
v 44.537303924560547 88.400001525878906 -30.997100830078125
v 47.787460327148438 80.300003051757812 -30.997100830078125
v 44.537303924560547 84.349998474121094 -30.997100830078125
v 47.787460327148438 88.400001525878906 -30.997100830078125
v 44.537303924560547 80.300003051757812 -26.947099685668945
v 44.537303924560547 88.400001525878906 -26.947099685668945
f 1016 1009 1013 1011 1014 1012 1015 1010
f 1014 1011 1019 1017 1020 1018 1021 1012
f 1020 1017 1024 1022 1025 1023 1026 1018
f 1028 1023 1025 1022 1027 1009 1016 1010
f 1013 1009 1027 1022 1024 1017 1019 1011
f 1028 1010 1015 1012 1021 1018 1026 1023
g object_56
v 35.434326171875 80.300003051757812 -30.997100830078125
v 35.434326171875 88.400001525878906 -30.997100830078125
v 35.434326171875 80.300003051757812 -22.897100448608398
v 35.434326171875 88.400001525878906 -22.897100448608398
v 35.434326171875 80.300003051757812 -26.947099685668945
v 35.434326171875 84.349998474121094 -22.897100448608398
v 35.434326171875 88.400001525878906 -26.947099685668945
v 35.434326171875 84.349998474121094 -30.997100830078125
v 44.537303924560547 80.300003051757812 -22.897100448608398
v 44.537303924560547 88.400001525878906 -22.897100448608398
v 39.985813140869141 80.300003051757812 -22.897100448608398
v 44.537303924560547 84.349998474121094 -22.897100448608398
v 39.985813140869141 88.400001525878906 -22.897100448608398
v 44.537303924560547 80.300003051757812 -30.997100830078125
v 44.537303924560547 88.400001525878906 -30.997100830078125
v 44.537303924560547 80.300003051757812 -26.947099685668945
v 44.537303924560547 84.349998474121094 -30.997100830078125
v 44.537303924560547 88.400001525878906 -26.947099685668945
v 39.985813140869141 80.300003051757812 -30.997100830078125
v 39.985813140869141 88.400001525878906 -30.997100830078125
f 1036 1029 1033 1031 1034 1032 1035 1030
f 1034 1031 1039 1037 1040 1038 1041 1032
f 1046 1038 1040 1037 1044 1042 1045 1043
f 1045 1042 1047 1029 1036 1030 1048 1043
f 1033 1029 1047 1042 1044 1037 1039 1031
f 1048 1030 1035 1032 1041 1038 1046 1043
g object_57
v 44.537303924560547 80.300003051757812 -14.797100067138672
v 44.537303924560547 88.400001525878906 -14.797100067138672
v 51.037616729736328 80.300003051757812 -14.797100067138672
v 51.037616729736328 88.400001525878906 -14.797100067138672
v 47.787460327148438 80.300003051757812 -14.797100067138672
v 51.037616729736328 84.349998474121094 -14.797100067138672
v 47.787460327148438 88.400001525878906 -14.797100067138672
v 44.537303924560547 84.349998474121094 -14.797100067138672
v 51.037616729736328 80.300003051757812 -22.897100448608398
v 51.037616729736328 88.400001525878906 -22.897100448608398
v 51.037616729736328 80.300003051757812 -18.847101211547852
v 51.037616729736328 84.349998474121094 -22.897100448608398
v 51.037616729736328 88.400001525878906 -18.847101211547852
v 44.537303924560547 80.300003051757812 -22.897100448608398
v 44.537303924560547 88.400001525878906 -22.897100448608398
v 47.787460327148438 80.300003051757812 -22.897100448608398
v 44.537303924560547 84.349998474121094 -22.897100448608398
v 47.787460327148438 88.400001525878906 -22.897100448608398
v 44.537303924560547 80.300003051757812 -18.847101211547852
v 44.537303924560547 88.400001525878906 -18.847101211547852
f 1056 1049 1053 1051 1054 1052 1055 1050
f 1054 1051 1059 1057 1060 1058 1061 1052
f 1060 1057 1064 1062 1065 1063 1066 1058
f 1068 1063 1065 1062 1067 1049 1056 1050
f 1053 1049 1067 1062 1064 1057 1059 1051
f 1068 1050 1055 1052 1061 1058 1066 1063
g object_58
v 35.434326171875 80.300003051757812 -22.897100448608398
v 35.434326171875 88.400001525878906 -22.897100448608398
v 35.434326171875 80.300003051757812 -14.797100067138672
v 35.434326171875 88.400001525878906 -14.797100067138672
v 35.434326171875 80.300003051757812 -18.847101211547852
v 35.434326171875 84.349998474121094 -14.797100067138672
v 35.434326171875 88.400001525878906 -18.847101211547852
v 35.434326171875 84.349998474121094 -22.897100448608398
v 44.537303924560547 80.300003051757812 -14.797100067138672
v 44.537303924560547 88.400001525878906 -14.797100067138672
v 39.985813140869141 80.300003051757812 -14.797100067138672
v 44.537303924560547 84.349998474121094 -14.797100067138672
v 39.985813140869141 88.400001525878906 -14.797100067138672
v 44.537303924560547 80.300003051757812 -22.897100448608398
v 44.537303924560547 88.400001525878906 -22.897100448608398
v 44.537303924560547 80.300003051757812 -18.847101211547852
v 44.537303924560547 84.349998474121094 -22.897100448608398
v 44.537303924560547 88.400001525878906 -18.847101211547852
v 39.985813140869141 80.300003051757812 -22.897100448608398
v 39.985813140869141 88.400001525878906 -22.897100448608398
f 1076 1069 1073 1071 1074 1072 1075 1070
f 1074 1071 1079 1077 1080 1078 1081 1072
f 1086 1078 1080 1077 1084 1082 1085 1083
f 1085 1082 1087 1069 1076 1070 1088 1083
f 1073 1069 1087 1082 1084 1077 1079 1071
f 1088 1070 1075 1072 1081 1078 1086 1083
g object_59
v 44.537303924560547 72.199996948242188 -22.897100448608398
v 44.537303924560547 80.300003051757812 -22.897100448608398
v 51.037616729736328 72.199996948242188 -22.897100448608398
v 51.037616729736328 80.300003051757812 -22.897100448608398
v 47.787460327148438 72.199996948242188 -22.897100448608398
v 51.037616729736328 76.25 -22.897100448608398
v 47.787460327148438 80.300003051757812 -22.897100448608398
v 44.537303924560547 76.25 -22.897100448608398
v 51.037616729736328 72.199996948242188 -30.997100830078125
v 51.037616729736328 80.300003051757812 -30.997100830078125
v 51.037616729736328 72.199996948242188 -26.947099685668945
v 51.037616729736328 76.25 -30.997100830078125
v 51.037616729736328 80.300003051757812 -26.947099685668945
v 44.537303924560547 72.199996948242188 -30.997100830078125
v 44.537303924560547 80.300003051757812 -30.997100830078125
v 47.787460327148438 72.199996948242188 -30.997100830078125
v 44.537303924560547 76.25 -30.997100830078125
v 47.787460327148438 80.300003051757812 -30.997100830078125
v 44.537303924560547 72.199996948242188 -26.947099685668945
v 44.537303924560547 80.300003051757812 -26.947099685668945
f 1096 1089 1093 1091 1094 1092 1095 1090
f 1094 1091 1099 1097 1100 1098 1101 1092
f 1100 1097 1104 1102 1105 1103 1106 1098
f 1108 1103 1105 1102 1107 1089 1096 1090
f 1093 1089 1107 1102 1104 1097 1099 1091
f 1108 1090 1095 1092 1101 1098 1106 1103
g object_60
v 35.434326171875 72.199996948242188 -30.997100830078125
v 35.434326171875 80.300003051757812 -30.997100830078125
v 35.434326171875 72.199996948242188 -22.897100448608398
v 35.434326171875 80.300003051757812 -22.897100448608398
v 35.434326171875 72.199996948242188 -26.947099685668945
v 35.434326171875 76.25 -22.897100448608398
v 35.434326171875 80.300003051757812 -26.947099685668945
v 35.434326171875 76.25 -30.997100830078125
v 44.537303924560547 72.199996948242188 -22.897100448608398
v 44.537303924560547 80.300003051757812 -22.897100448608398
v 39.985813140869141 72.199996948242188 -22.897100448608398
v 44.537303924560547 76.25 -22.897100448608398
v 39.985813140869141 80.300003051757812 -22.897100448608398
v 44.537303924560547 72.199996948242188 -30.997100830078125
v 44.537303924560547 80.300003051757812 -30.997100830078125
v 44.537303924560547 72.199996948242188 -26.947099685668945
v 44.537303924560547 76.25 -30.997100830078125
v 44.537303924560547 80.300003051757812 -26.947099685668945
v 39.985813140869141 72.199996948242188 -30.997100830078125
v 39.985813140869141 80.300003051757812 -30.997100830078125
f 1116 1109 1113 1111 1114 1112 1115 1110
f 1114 1111 1119 1117 1120 1118 1121 1112
f 1126 1118 1120 1117 1124 1122 1125 1123
f 1125 1122 1127 1109 1116 1110 1128 1123
f 1113 1109 1127 1122 1124 1117 1119 1111
f 1128 1110 1115 1112 1121 1118 1126 1123
g object_61
v 44.537303924560547 72.199996948242188 -14.797100067138672
v 44.537303924560547 80.300003051757812 -14.797100067138672
v 51.037616729736328 72.199996948242188 -14.797100067138672
v 51.037616729736328 80.300003051757812 -14.797100067138672
v 47.787460327148438 72.199996948242188 -14.797100067138672
v 51.037616729736328 76.25 -14.797100067138672
v 47.787460327148438 80.300003051757812 -14.797100067138672
v 44.537303924560547 76.25 -14.797100067138672
v 51.037616729736328 72.199996948242188 -22.897100448608398
v 51.037616729736328 80.300003051757812 -22.897100448608398
v 51.037616729736328 72.199996948242188 -18.847101211547852
v 51.037616729736328 76.25 -22.897100448608398
v 51.037616729736328 80.300003051757812 -18.847101211547852
v 44.537303924560547 72.199996948242188 -22.897100448608398
v 44.537303924560547 80.300003051757812 -22.897100448608398
v 47.787460327148438 72.199996948242188 -22.897100448608398
v 44.537303924560547 76.25 -22.897100448608398
v 47.787460327148438 80.300003051757812 -22.897100448608398
v 44.537303924560547 72.199996948242188 -18.847101211547852
v 44.537303924560547 80.300003051757812 -18.847101211547852
f 1136 1129 1133 1131 1134 1132 1135 1130
f 1134 1131 1139 1137 1140 1138 1141 1132
f 1140 1137 1144 1142 1145 1143 1146 1138
f 1148 1143 1145 1142 1147 1129 1136 1130
f 1133 1129 1147 1142 1144 1137 1139 1131
f 1148 1130 1135 1132 1141 1138 1146 1143
g object_62
v 35.434326171875 72.199996948242188 -22.897100448608398
v 35.434326171875 80.300003051757812 -22.897100448608398
v 35.434326171875 72.199996948242188 -14.797100067138672
v 35.434326171875 80.300003051757812 -14.797100067138672
v 35.434326171875 72.199996948242188 -18.847101211547852
v 35.434326171875 76.25 -14.797100067138672
v 35.434326171875 80.300003051757812 -18.847101211547852
v 35.434326171875 76.25 -22.897100448608398
v 44.537303924560547 72.199996948242188 -14.797100067138672
v 44.537303924560547 80.300003051757812 -14.797100067138672
v 39.985813140869141 72.199996948242188 -14.797100067138672
v 44.537303924560547 76.25 -14.797100067138672
v 39.985813140869141 80.300003051757812 -14.797100067138672
v 44.537303924560547 72.199996948242188 -22.897100448608398
v 44.537303924560547 80.300003051757812 -22.897100448608398
v 44.537303924560547 72.199996948242188 -18.847101211547852
v 44.537303924560547 76.25 -22.897100448608398
v 44.537303924560547 80.300003051757812 -18.847101211547852
v 39.985813140869141 72.199996948242188 -22.897100448608398
v 39.985813140869141 80.300003051757812 -22.897100448608398
f 1156 1149 1153 1151 1154 1152 1155 1150
f 1154 1151 1159 1157 1160 1158 1161 1152
f 1166 1158 1160 1157 1164 1162 1165 1163
f 1165 1162 1167 1149 1156 1150 1168 1163
f 1153 1149 1167 1162 1164 1157 1159 1151
f 1168 1150 1155 1152 1161 1158 1166 1163
g object_63
v 44.537303924560547 64.099998474121094 -22.897100448608398
v 44.537303924560547 72.199996948242188 -22.897100448608398
v 51.037616729736328 64.099998474121094 -22.897100448608398
v 51.037616729736328 72.199996948242188 -22.897100448608398
v 47.787460327148438 64.099998474121094 -22.897100448608398
v 51.037616729736328 68.150001525878906 -22.897100448608398
v 47.787460327148438 72.199996948242188 -22.897100448608398
v 44.537303924560547 68.150001525878906 -22.897100448608398
v 51.037616729736328 64.099998474121094 -30.997100830078125
v 51.037616729736328 72.199996948242188 -30.997100830078125
v 51.037616729736328 64.099998474121094 -26.947099685668945
v 51.037616729736328 68.150001525878906 -30.997100830078125
v 51.037616729736328 72.199996948242188 -26.947099685668945
v 44.537303924560547 64.099998474121094 -30.997100830078125
v 44.537303924560547 72.199996948242188 -30.997100830078125
v 47.787460327148438 64.099998474121094 -30.997100830078125
v 44.537303924560547 68.150001525878906 -30.997100830078125
v 47.787460327148438 72.199996948242188 -30.997100830078125
v 44.537303924560547 64.099998474121094 -26.947099685668945
v 44.537303924560547 72.199996948242188 -26.947099685668945
f 1176 1169 1173 1171 1174 1172 1175 1170
f 1174 1171 1179 1177 1180 1178 1181 1172
f 1180 1177 1184 1182 1185 1183 1186 1178
f 1188 1183 1185 1182 1187 1169 1176 1170
f 1173 1169 1187 1182 1184 1177 1179 1171
f 1188 1170 1175 1172 1181 1178 1186 1183
g object_64
v 35.434326171875 64.099998474121094 -30.997100830078125
v 35.434326171875 72.199996948242188 -30.997100830078125
v 35.434326171875 64.099998474121094 -22.897100448608398
v 35.434326171875 72.199996948242188 -22.897100448608398
v 35.434326171875 64.099998474121094 -26.947099685668945
v 35.434326171875 68.150001525878906 -22.897100448608398
v 35.434326171875 72.199996948242188 -26.947099685668945
v 35.434326171875 68.150001525878906 -30.997100830078125
v 44.537303924560547 64.099998474121094 -22.897100448608398
v 44.537303924560547 72.199996948242188 -22.897100448608398
v 39.985813140869141 64.099998474121094 -22.897100448608398
v 44.537303924560547 68.150001525878906 -22.897100448608398
v 39.985813140869141 72.199996948242188 -22.897100448608398
v 44.537303924560547 64.099998474121094 -30.997100830078125
v 44.537303924560547 72.199996948242188 -30.997100830078125
v 44.537303924560547 64.099998474121094 -26.947099685668945
v 44.537303924560547 68.150001525878906 -30.997100830078125
v 44.537303924560547 72.199996948242188 -26.947099685668945
v 39.985813140869141 64.099998474121094 -30.997100830078125
v 39.985813140869141 72.199996948242188 -30.997100830078125
f 1196 1189 1193 1191 1194 1192 1195 1190
f 1194 1191 1199 1197 1200 1198 1201 1192
f 1206 1198 1200 1197 1204 1202 1205 1203
f 1205 1202 1207 1189 1196 1190 1208 1203
f 1193 1189 1207 1202 1204 1197 1199 1191
f 1208 1190 1195 1192 1201 1198 1206 1203
g object_65
v 44.537303924560547 64.099998474121094 -14.797100067138672
v 44.537303924560547 72.199996948242188 -14.797100067138672
v 51.037616729736328 64.099998474121094 -14.797100067138672
v 51.037616729736328 72.199996948242188 -14.797100067138672
v 47.787460327148438 64.099998474121094 -14.797100067138672
v 51.037616729736328 68.150001525878906 -14.797100067138672
v 47.787460327148438 72.199996948242188 -14.797100067138672
v 44.537303924560547 68.150001525878906 -14.797100067138672
v 51.037616729736328 64.099998474121094 -22.897100448608398
v 51.037616729736328 72.199996948242188 -22.897100448608398
v 51.037616729736328 64.099998474121094 -18.847101211547852
v 51.037616729736328 68.150001525878906 -22.897100448608398
v 51.037616729736328 72.199996948242188 -18.847101211547852
v 44.537303924560547 64.099998474121094 -22.897100448608398
v 44.537303924560547 72.199996948242188 -22.897100448608398
v 47.787460327148438 64.099998474121094 -22.897100448608398
v 44.537303924560547 68.150001525878906 -22.897100448608398
v 47.787460327148438 72.199996948242188 -22.897100448608398
v 44.537303924560547 64.099998474121094 -18.847101211547852
v 44.537303924560547 72.199996948242188 -18.847101211547852
f 1216 1209 1213 1211 1214 1212 1215 1210
f 1214 1211 1219 1217 1220 1218 1221 1212
f 1220 1217 1224 1222 1225 1223 1226 1218
f 1228 1223 1225 1222 1227 1209 1216 1210
f 1213 1209 1227 1222 1224 1217 1219 1211
f 1228 1210 1215 1212 1221 1218 1226 1223
g object_66
v 35.434326171875 64.099998474121094 -22.897100448608398
v 35.434326171875 72.199996948242188 -22.897100448608398
v 35.434326171875 64.099998474121094 -14.797100067138672
v 35.434326171875 72.199996948242188 -14.797100067138672
v 35.434326171875 64.099998474121094 -18.847101211547852
v 35.434326171875 68.150001525878906 -14.797100067138672
v 35.434326171875 72.199996948242188 -18.847101211547852
v 35.434326171875 68.150001525878906 -22.897100448608398
v 44.537303924560547 64.099998474121094 -14.797100067138672
v 44.537303924560547 72.199996948242188 -14.797100067138672
v 39.985813140869141 64.099998474121094 -14.797100067138672
v 44.537303924560547 68.150001525878906 -14.797100067138672
v 39.985813140869141 72.199996948242188 -14.797100067138672
v 44.537303924560547 64.099998474121094 -22.897100448608398
v 44.537303924560547 72.199996948242188 -22.897100448608398
v 44.537303924560547 64.099998474121094 -18.847101211547852
v 44.537303924560547 68.150001525878906 -22.897100448608398
v 44.537303924560547 72.199996948242188 -18.847101211547852
v 39.985813140869141 64.099998474121094 -22.897100448608398
v 39.985813140869141 72.199996948242188 -22.897100448608398
f 1236 1229 1233 1231 1234 1232 1235 1230
f 1234 1231 1239 1237 1240 1238 1241 1232
f 1246 1238 1240 1237 1244 1242 1245 1243
f 1245 1242 1247 1229 1236 1230 1248 1243
f 1233 1229 1247 1242 1244 1237 1239 1231
f 1248 1230 1235 1232 1241 1238 1246 1243
g object_67
v 44.537303924560547 56 -22.897100448608398
v 44.537303924560547 64.099998474121094 -22.897100448608398
v 51.037616729736328 56 -22.897100448608398
v 51.037616729736328 64.099998474121094 -22.897100448608398
v 47.787460327148438 56 -22.897100448608398
v 51.037616729736328 60.049999237060547 -22.897100448608398
v 47.787460327148438 64.099998474121094 -22.897100448608398
v 44.537303924560547 60.049999237060547 -22.897100448608398
v 51.037616729736328 56 -30.997100830078125
v 51.037616729736328 64.099998474121094 -30.997100830078125
v 51.037616729736328 56 -26.947099685668945
v 51.037616729736328 60.049999237060547 -30.997100830078125
v 51.037616729736328 64.099998474121094 -26.947099685668945
v 44.537303924560547 56 -30.997100830078125
v 44.537303924560547 64.099998474121094 -30.997100830078125
v 47.787460327148438 56 -30.997100830078125
v 44.537303924560547 60.049999237060547 -30.997100830078125
v 47.787460327148438 64.099998474121094 -30.997100830078125
v 44.537303924560547 56 -26.947099685668945
v 44.537303924560547 64.099998474121094 -26.947099685668945
f 1256 1249 1253 1251 1254 1252 1255 1250
f 1254 1251 1259 1257 1260 1258 1261 1252
f 1260 1257 1264 1262 1265 1263 1266 1258
f 1268 1263 1265 1262 1267 1249 1256 1250
f 1253 1249 1267 1262 1264 1257 1259 1251
f 1268 1250 1255 1252 1261 1258 1266 1263
g object_68
v 35.434326171875 56 -30.997100830078125
v 35.434326171875 64.099998474121094 -30.997100830078125
v 35.434326171875 56 -22.897100448608398
v 35.434326171875 64.099998474121094 -22.897100448608398
v 35.434326171875 56 -26.947099685668945
v 35.434326171875 60.049999237060547 -22.897100448608398
v 35.434326171875 64.099998474121094 -26.947099685668945
v 35.434326171875 60.049999237060547 -30.997100830078125
v 44.537303924560547 56 -22.897100448608398
v 44.537303924560547 64.099998474121094 -22.897100448608398
v 39.985813140869141 56 -22.897100448608398
v 44.537303924560547 60.049999237060547 -22.897100448608398
v 39.985813140869141 64.099998474121094 -22.897100448608398
v 44.537303924560547 56 -30.997100830078125
v 44.537303924560547 64.099998474121094 -30.997100830078125
v 44.537303924560547 56 -26.947099685668945
v 44.537303924560547 60.049999237060547 -30.997100830078125
v 44.537303924560547 64.099998474121094 -26.947099685668945
v 39.985813140869141 56 -30.997100830078125
v 39.985813140869141 64.099998474121094 -30.997100830078125
f 1275 1270 1276 1269 1273 1271 1274 1272
f 1274 1271 1279 1277 1280 1278 1281 1272
f 1286 1278 1280 1277 1284 1282 1285 1283
f 1285 1282 1287 1269 1276 1270 1288 1283
f 1273 1269 1287 1282 1284 1277 1279 1271
f 1288 1270 1275 1272 1281 1278 1286 1283
g object_69
v 44.537303924560547 56 -14.797100067138672
v 44.537303924560547 64.099998474121094 -14.797100067138672
v 51.037616729736328 56 -14.797100067138672
v 51.037616729736328 64.099998474121094 -14.797100067138672
v 47.787460327148438 56 -14.797100067138672
v 51.037616729736328 60.049999237060547 -14.797100067138672
v 47.787460327148438 64.099998474121094 -14.797100067138672
v 44.537303924560547 60.049999237060547 -14.797100067138672
v 51.037616729736328 56 -22.897100448608398
v 51.037616729736328 64.099998474121094 -22.897100448608398
v 51.037616729736328 56 -18.847101211547852
v 51.037616729736328 60.049999237060547 -22.897100448608398
v 51.037616729736328 64.099998474121094 -18.847101211547852
v 44.537303924560547 56 -22.897100448608398
v 44.537303924560547 64.099998474121094 -22.897100448608398
v 47.787460327148438 56 -22.897100448608398
v 44.537303924560547 60.049999237060547 -22.897100448608398
v 47.787460327148438 64.099998474121094 -22.897100448608398
v 44.537303924560547 56 -18.847101211547852
v 44.537303924560547 64.099998474121094 -18.847101211547852
f 1296 1289 1293 1291 1294 1292 1295 1290
f 1294 1291 1299 1297 1300 1298 1301 1292
f 1300 1297 1304 1302 1305 1303 1306 1298
f 1308 1303 1305 1302 1307 1289 1296 1290
f 1293 1289 1307 1302 1304 1297 1299 1291
f 1308 1290 1295 1292 1301 1298 1306 1303
g object_70
v 35.434326171875 56 -22.897100448608398
v 35.434326171875 64.099998474121094 -22.897100448608398
v 35.434326171875 56 -14.797100067138672
v 35.434326171875 64.099998474121094 -14.797100067138672
v 35.434326171875 56 -18.847101211547852
v 35.434326171875 60.049999237060547 -14.797100067138672
v 35.434326171875 64.099998474121094 -18.847101211547852
v 35.434326171875 60.049999237060547 -22.897100448608398
v 44.537303924560547 56 -14.797100067138672
v 44.537303924560547 64.099998474121094 -14.797100067138672
v 39.985813140869141 56 -14.797100067138672
v 44.537303924560547 60.049999237060547 -14.797100067138672
v 39.985813140869141 64.099998474121094 -14.797100067138672
v 44.537303924560547 56 -22.897100448608398
v 44.537303924560547 64.099998474121094 -22.897100448608398
v 44.537303924560547 56 -18.847101211547852
v 44.537303924560547 60.049999237060547 -22.897100448608398
v 44.537303924560547 64.099998474121094 -18.847101211547852
v 39.985813140869141 56 -22.897100448608398
v 39.985813140869141 64.099998474121094 -22.897100448608398
f 1315 1310 1316 1309 1313 1311 1314 1312
f 1314 1311 1319 1317 1320 1318 1321 1312
f 1326 1318 1320 1317 1324 1322 1325 1323
f 1325 1322 1327 1309 1316 1310 1328 1323
f 1313 1309 1327 1322 1324 1317 1319 1311
f 1328 1310 1315 1312 1321 1318 1326 1323
g object_71
v 44.537303924560547 47.900001525878906 -22.897100448608398
v 44.537303924560547 56 -22.897100448608398
v 51.037616729736328 47.900001525878906 -22.897100448608398
v 51.037616729736328 56 -22.897100448608398
v 47.787460327148438 47.900001525878906 -22.897100448608398
v 51.037616729736328 51.950000762939453 -22.897100448608398
v 47.787460327148438 56 -22.897100448608398
v 44.537303924560547 51.950000762939453 -22.897100448608398
v 51.037616729736328 47.900001525878906 -30.997100830078125
v 51.037616729736328 56 -30.997100830078125
v 51.037616729736328 47.900001525878906 -26.947099685668945
v 51.037616729736328 51.950000762939453 -30.997100830078125
v 51.037616729736328 56 -26.947099685668945
v 44.537303924560547 47.900001525878906 -30.997100830078125
v 44.537303924560547 56 -30.997100830078125
v 47.787460327148438 47.900001525878906 -30.997100830078125
v 44.537303924560547 51.950000762939453 -30.997100830078125
v 47.787460327148438 56 -30.997100830078125
v 44.537303924560547 47.900001525878906 -26.947099685668945
v 44.537303924560547 56 -26.947099685668945
f 1336 1329 1333 1331 1334 1332 1335 1330
f 1334 1331 1339 1337 1340 1338 1341 1332
f 1340 1337 1344 1342 1345 1343 1346 1338
f 1348 1343 1345 1342 1347 1329 1336 1330
f 1333 1329 1347 1342 1344 1337 1339 1331
f 1348 1330 1335 1332 1341 1338 1346 1343
g object_72
v 35.434326171875 47.900001525878906 -30.997100830078125
v 35.434326171875 56 -30.997100830078125
v 35.434326171875 47.900001525878906 -22.897100448608398
v 35.434326171875 56 -22.897100448608398
v 35.434326171875 47.900001525878906 -26.947099685668945
v 35.434326171875 51.950000762939453 -22.897100448608398
v 35.434326171875 56 -26.947099685668945
v 35.434326171875 51.950000762939453 -30.997100830078125
v 44.537303924560547 47.900001525878906 -22.897100448608398
v 44.537303924560547 56 -22.897100448608398
v 39.985813140869141 47.900001525878906 -22.897100448608398
v 44.537303924560547 51.950000762939453 -22.897100448608398
v 39.985813140869141 56 -22.897100448608398
v 44.537303924560547 47.900001525878906 -30.997100830078125
v 44.537303924560547 56 -30.997100830078125
v 44.537303924560547 47.900001525878906 -26.947099685668945
v 44.537303924560547 51.950000762939453 -30.997100830078125
v 44.537303924560547 56 -26.947099685668945
v 39.985813140869141 47.900001525878906 -30.997100830078125
v 39.985813140869141 56 -30.997100830078125
f 1356 1349 1353 1351 1354 1352 1355 1350
f 1354 1351 1359 1357 1360 1358 1361 1352
f 1366 1358 1360 1357 1364 1362 1365 1363
f 1365 1362 1367 1349 1356 1350 1368 1363
f 1353 1349 1367 1362 1364 1357 1359 1351
f 1368 1350 1355 1352 1361 1358 1366 1363
g object_73
v 44.537303924560547 47.900001525878906 -14.797100067138672
v 44.537303924560547 56 -14.797100067138672
v 51.037616729736328 47.900001525878906 -14.797100067138672
v 51.037616729736328 56 -14.797100067138672
v 47.787460327148438 47.900001525878906 -14.797100067138672
v 51.037616729736328 51.950000762939453 -14.797100067138672
v 47.787460327148438 56 -14.797100067138672
v 44.537303924560547 51.950000762939453 -14.797100067138672
v 51.037616729736328 47.900001525878906 -22.897100448608398
v 51.037616729736328 56 -22.897100448608398
v 51.037616729736328 47.900001525878906 -18.847101211547852
v 51.037616729736328 51.950000762939453 -22.897100448608398
v 51.037616729736328 56 -18.847101211547852
v 44.537303924560547 47.900001525878906 -22.897100448608398
v 44.537303924560547 56 -22.897100448608398
v 47.787460327148438 47.900001525878906 -22.897100448608398
v 44.537303924560547 51.950000762939453 -22.897100448608398
v 47.787460327148438 56 -22.897100448608398
v 44.537303924560547 47.900001525878906 -18.847101211547852
v 44.537303924560547 56 -18.847101211547852
f 1376 1369 1373 1371 1374 1372 1375 1370
f 1374 1371 1379 1377 1380 1378 1381 1372
f 1380 1377 1384 1382 1385 1383 1386 1378
f 1388 1383 1385 1382 1387 1369 1376 1370
f 1373 1369 1387 1382 1384 1377 1379 1371
f 1388 1370 1375 1372 1381 1378 1386 1383
g object_74
v 35.434326171875 47.900001525878906 -22.897100448608398
v 35.434326171875 56 -22.897100448608398
v 35.434326171875 47.900001525878906 -14.797100067138672
v 35.434326171875 56 -14.797100067138672
v 35.434326171875 47.900001525878906 -18.847101211547852
v 35.434326171875 51.950000762939453 -14.797100067138672
v 35.434326171875 56 -18.847101211547852
v 35.434326171875 51.950000762939453 -22.897100448608398
v 44.537303924560547 47.900001525878906 -14.797100067138672
v 44.537303924560547 56 -14.797100067138672
v 39.985813140869141 47.900001525878906 -14.797100067138672
v 44.537303924560547 51.950000762939453 -14.797100067138672
v 39.985813140869141 56 -14.797100067138672
v 44.537303924560547 47.900001525878906 -22.897100448608398
v 44.537303924560547 56 -22.897100448608398
v 44.537303924560547 47.900001525878906 -18.847101211547852
v 44.537303924560547 51.950000762939453 -22.897100448608398
v 44.537303924560547 56 -18.847101211547852
v 39.985813140869141 47.900001525878906 -22.897100448608398
v 39.985813140869141 56 -22.897100448608398
f 1396 1389 1393 1391 1394 1392 1395 1390
f 1394 1391 1399 1397 1400 1398 1401 1392
f 1406 1398 1400 1397 1404 1402 1405 1403
f 1405 1402 1407 1389 1396 1390 1408 1403
f 1393 1389 1407 1402 1404 1397 1399 1391
f 1408 1390 1395 1392 1401 1398 1406 1403
g object_75
v 44.537303924560547 39.799999237060547 -22.897100448608398
v 44.537303924560547 47.900001525878906 -22.897100448608398
v 51.037616729736328 39.799999237060547 -22.897100448608398
v 51.037616729736328 47.900001525878906 -22.897100448608398
v 47.787460327148438 39.799999237060547 -22.897100448608398
v 51.037616729736328 43.849998474121094 -22.897100448608398
v 47.787460327148438 47.900001525878906 -22.897100448608398
v 44.537303924560547 43.849998474121094 -22.897100448608398
v 51.037616729736328 39.799999237060547 -30.997100830078125
v 51.037616729736328 47.900001525878906 -30.997100830078125
v 51.037616729736328 39.799999237060547 -26.947099685668945
v 51.037616729736328 43.849998474121094 -30.997100830078125
v 51.037616729736328 47.900001525878906 -26.947099685668945
v 44.537303924560547 39.799999237060547 -30.997100830078125
v 44.537303924560547 47.900001525878906 -30.997100830078125
v 47.787460327148438 39.799999237060547 -30.997100830078125
v 44.537303924560547 43.849998474121094 -30.997100830078125
v 47.787460327148438 47.900001525878906 -30.997100830078125
v 44.537303924560547 39.799999237060547 -26.947099685668945
v 44.537303924560547 47.900001525878906 -26.947099685668945
f 1416 1409 1413 1411 1414 1412 1415 1410
f 1414 1411 1419 1417 1420 1418 1421 1412
f 1420 1417 1424 1422 1425 1423 1426 1418
f 1428 1423 1425 1422 1427 1409 1416 1410
f 1413 1409 1427 1422 1424 1417 1419 1411
f 1428 1410 1415 1412 1421 1418 1426 1423
g object_76
v 35.434326171875 39.799999237060547 -30.997100830078125
v 35.434326171875 47.900001525878906 -30.997100830078125
v 35.434326171875 39.799999237060547 -22.897100448608398
v 35.434326171875 47.900001525878906 -22.897100448608398
v 35.434326171875 39.799999237060547 -26.947099685668945
v 35.434326171875 43.849998474121094 -22.897100448608398
v 35.434326171875 47.900001525878906 -26.947099685668945
v 35.434326171875 43.849998474121094 -30.997100830078125
v 44.537303924560547 39.799999237060547 -22.897100448608398
v 44.537303924560547 47.900001525878906 -22.897100448608398
v 39.985813140869141 39.799999237060547 -22.897100448608398
v 44.537303924560547 43.849998474121094 -22.897100448608398
v 39.985813140869141 47.900001525878906 -22.897100448608398
v 44.537303924560547 39.799999237060547 -30.997100830078125
v 44.537303924560547 47.900001525878906 -30.997100830078125
v 44.537303924560547 39.799999237060547 -26.947099685668945
v 44.537303924560547 43.849998474121094 -30.997100830078125
v 44.537303924560547 47.900001525878906 -26.947099685668945
v 39.985813140869141 39.799999237060547 -30.997100830078125
v 39.985813140869141 47.900001525878906 -30.997100830078125
f 1436 1429 1433 1431 1434 1432 1435 1430
f 1434 1431 1439 1437 1440 1438 1441 1432
f 1446 1438 1440 1437 1444 1442 1445 1443
f 1445 1442 1447 1429 1436 1430 1448 1443
f 1433 1429 1447 1442 1444 1437 1439 1431
f 1448 1430 1435 1432 1441 1438 1446 1443
g object_77
v 44.537303924560547 39.799999237060547 -14.797100067138672
v 44.537303924560547 47.900001525878906 -14.797100067138672
v 51.037616729736328 39.799999237060547 -14.797100067138672
v 51.037616729736328 47.900001525878906 -14.797100067138672
v 47.787460327148438 39.799999237060547 -14.797100067138672
v 51.037616729736328 43.849998474121094 -14.797100067138672
v 47.787460327148438 47.900001525878906 -14.797100067138672
v 44.537303924560547 43.849998474121094 -14.797100067138672
v 51.037616729736328 39.799999237060547 -22.897100448608398
v 51.037616729736328 47.900001525878906 -22.897100448608398
v 51.037616729736328 39.799999237060547 -18.847101211547852
v 51.037616729736328 43.849998474121094 -22.897100448608398
v 51.037616729736328 47.900001525878906 -18.847101211547852
v 44.537303924560547 39.799999237060547 -22.897100448608398
v 44.537303924560547 47.900001525878906 -22.897100448608398
v 47.787460327148438 39.799999237060547 -22.897100448608398
v 44.537303924560547 43.849998474121094 -22.897100448608398
v 47.787460327148438 47.900001525878906 -22.897100448608398
v 44.537303924560547 39.799999237060547 -18.847101211547852
v 44.537303924560547 47.900001525878906 -18.847101211547852
f 1456 1449 1453 1451 1454 1452 1455 1450
f 1454 1451 1459 1457 1460 1458 1461 1452
f 1460 1457 1464 1462 1465 1463 1466 1458
f 1468 1463 1465 1462 1467 1449 1456 1450
f 1453 1449 1467 1462 1464 1457 1459 1451
f 1468 1450 1455 1452 1461 1458 1466 1463
g object_78
v 35.434326171875 39.799999237060547 -22.897100448608398
v 35.434326171875 47.900001525878906 -22.897100448608398
v 35.434326171875 39.799999237060547 -14.797100067138672
v 35.434326171875 47.900001525878906 -14.797100067138672
v 35.434326171875 39.799999237060547 -18.847101211547852
v 35.434326171875 43.849998474121094 -14.797100067138672
v 35.434326171875 47.900001525878906 -18.847101211547852
v 35.434326171875 43.849998474121094 -22.897100448608398
v 44.537303924560547 39.799999237060547 -14.797100067138672
v 44.537303924560547 47.900001525878906 -14.797100067138672
v 39.985813140869141 39.799999237060547 -14.797100067138672
v 44.537303924560547 43.849998474121094 -14.797100067138672
v 39.985813140869141 47.900001525878906 -14.797100067138672
v 44.537303924560547 39.799999237060547 -22.897100448608398
v 44.537303924560547 47.900001525878906 -22.897100448608398
v 44.537303924560547 39.799999237060547 -18.847101211547852
v 44.537303924560547 43.849998474121094 -22.897100448608398
v 44.537303924560547 47.900001525878906 -18.847101211547852
v 39.985813140869141 39.799999237060547 -22.897100448608398
v 39.985813140869141 47.900001525878906 -22.897100448608398
f 1476 1469 1473 1471 1474 1472 1475 1470
f 1474 1471 1479 1477 1480 1478 1481 1472
f 1486 1478 1480 1477 1484 1482 1485 1483
f 1485 1482 1487 1469 1476 1470 1488 1483
f 1473 1469 1487 1482 1484 1477 1479 1471
f 1488 1470 1475 1472 1481 1478 1486 1483
g object_79
v 44.537303924560547 31.700000762939453 -22.897100448608398
v 44.537303924560547 39.799999237060547 -22.897100448608398
v 51.037616729736328 31.700000762939453 -22.897100448608398
v 51.037616729736328 39.799999237060547 -22.897100448608398
v 47.787460327148438 31.700000762939453 -22.897100448608398
v 51.037616729736328 35.75 -22.897100448608398
v 47.787460327148438 39.799999237060547 -22.897100448608398
v 44.537303924560547 35.75 -22.897100448608398
v 51.037616729736328 31.700000762939453 -30.997100830078125
v 51.037616729736328 39.799999237060547 -30.997100830078125
v 51.037616729736328 31.700000762939453 -26.947099685668945
v 51.037616729736328 35.75 -30.997100830078125
v 51.037616729736328 39.799999237060547 -26.947099685668945
v 44.537303924560547 31.700000762939453 -30.997100830078125
v 44.537303924560547 39.799999237060547 -30.997100830078125
v 47.787460327148438 31.700000762939453 -30.997100830078125
v 44.537303924560547 35.75 -30.997100830078125
v 47.787460327148438 39.799999237060547 -30.997100830078125
v 44.537303924560547 31.700000762939453 -26.947099685668945
v 44.537303924560547 39.799999237060547 -26.947099685668945
f 1496 1489 1493 1491 1494 1492 1495 1490
f 1494 1491 1499 1497 1500 1498 1501 1492
f 1500 1497 1504 1502 1505 1503 1506 1498
f 1508 1503 1505 1502 1507 1489 1496 1490
f 1493 1489 1507 1502 1504 1497 1499 1491
f 1508 1490 1495 1492 1501 1498 1506 1503
g object_80
v 35.434326171875 31.700000762939453 -30.997100830078125
v 35.434326171875 39.799999237060547 -30.997100830078125
v 35.434326171875 31.700000762939453 -22.897100448608398
v 35.434326171875 39.799999237060547 -22.897100448608398
v 35.434326171875 31.700000762939453 -26.947099685668945
v 35.434326171875 35.75 -22.897100448608398
v 35.434326171875 39.799999237060547 -26.947099685668945
v 35.434326171875 35.75 -30.997100830078125
v 44.537303924560547 31.700000762939453 -22.897100448608398
v 44.537303924560547 39.799999237060547 -22.897100448608398
v 39.985813140869141 31.700000762939453 -22.897100448608398
v 44.537303924560547 35.75 -22.897100448608398
v 39.985813140869141 39.799999237060547 -22.897100448608398
v 44.537303924560547 31.700000762939453 -30.997100830078125
v 44.537303924560547 39.799999237060547 -30.997100830078125
v 44.537303924560547 31.700000762939453 -26.947099685668945
v 44.537303924560547 35.75 -30.997100830078125
v 44.537303924560547 39.799999237060547 -26.947099685668945
v 39.985813140869141 31.700000762939453 -30.997100830078125
v 39.985813140869141 39.799999237060547 -30.997100830078125
f 1516 1509 1513 1511 1514 1512 1515 1510
f 1514 1511 1519 1517 1520 1518 1521 1512
f 1526 1518 1520 1517 1524 1522 1525 1523
f 1525 1522 1527 1509 1516 1510 1528 1523
f 1513 1509 1527 1522 1524 1517 1519 1511
f 1528 1510 1515 1512 1521 1518 1526 1523
g object_81
v 44.537303924560547 31.700000762939453 -14.797100067138672
v 44.537303924560547 39.799999237060547 -14.797100067138672
v 51.037616729736328 31.700000762939453 -14.797100067138672
v 51.037616729736328 39.799999237060547 -14.797100067138672
v 47.787460327148438 31.700000762939453 -14.797100067138672
v 51.037616729736328 35.75 -14.797100067138672
v 47.787460327148438 39.799999237060547 -14.797100067138672
v 44.537303924560547 35.75 -14.797100067138672
v 51.037616729736328 31.700000762939453 -22.897100448608398
v 51.037616729736328 39.799999237060547 -22.897100448608398
v 51.037616729736328 31.700000762939453 -18.847101211547852
v 51.037616729736328 35.75 -22.897100448608398
v 51.037616729736328 39.799999237060547 -18.847101211547852
v 44.537303924560547 31.700000762939453 -22.897100448608398
v 44.537303924560547 39.799999237060547 -22.897100448608398
v 47.787460327148438 31.700000762939453 -22.897100448608398
v 44.537303924560547 35.75 -22.897100448608398
v 47.787460327148438 39.799999237060547 -22.897100448608398
v 44.537303924560547 31.700000762939453 -18.847101211547852
v 44.537303924560547 39.799999237060547 -18.847101211547852
f 1536 1529 1533 1531 1534 1532 1535 1530
f 1534 1531 1539 1537 1540 1538 1541 1532
f 1540 1537 1544 1542 1545 1543 1546 1538
f 1548 1543 1545 1542 1547 1529 1536 1530
f 1533 1529 1547 1542 1544 1537 1539 1531
f 1548 1530 1535 1532 1541 1538 1546 1543
g object_82
v 35.434326171875 31.700000762939453 -22.897100448608398
v 35.434326171875 39.799999237060547 -22.897100448608398
v 35.434326171875 31.700000762939453 -14.797100067138672
v 35.434326171875 39.799999237060547 -14.797100067138672
v 35.434326171875 31.700000762939453 -18.847101211547852
v 35.434326171875 35.75 -14.797100067138672
v 35.434326171875 39.799999237060547 -18.847101211547852
v 35.434326171875 35.75 -22.897100448608398
v 44.537303924560547 31.700000762939453 -14.797100067138672
v 44.537303924560547 39.799999237060547 -14.797100067138672
v 39.985813140869141 31.700000762939453 -14.797100067138672
v 44.537303924560547 35.75 -14.797100067138672
v 39.985813140869141 39.799999237060547 -14.797100067138672
v 44.537303924560547 31.700000762939453 -22.897100448608398
v 44.537303924560547 39.799999237060547 -22.897100448608398
v 44.537303924560547 31.700000762939453 -18.847101211547852
v 44.537303924560547 35.75 -22.897100448608398
v 44.537303924560547 39.799999237060547 -18.847101211547852
v 39.985813140869141 31.700000762939453 -22.897100448608398
v 39.985813140869141 39.799999237060547 -22.897100448608398
f 1555 1550 1556 1549 1553 1551 1554 1552
f 1554 1551 1559 1557 1560 1558 1561 1552
f 1566 1558 1560 1557 1564 1562 1565 1563
f 1565 1562 1567 1549 1556 1550 1568 1563
f 1553 1549 1567 1562 1564 1557 1559 1551
f 1568 1550 1555 1552 1561 1558 1566 1563
g object_83
v 44.537303924560547 23.600000381469727 -22.897100448608398
v 44.537303924560547 31.700000762939453 -22.897100448608398
v 51.037616729736328 23.600000381469727 -22.897100448608398
v 51.037616729736328 31.700000762939453 -22.897100448608398
v 47.787460327148438 23.600000381469727 -22.897100448608398
v 51.037616729736328 27.649999618530273 -22.897100448608398
v 47.787460327148438 31.700000762939453 -22.897100448608398
v 44.537303924560547 27.649999618530273 -22.897100448608398
v 51.037616729736328 23.600000381469727 -30.997100830078125
v 51.037616729736328 31.700000762939453 -30.997100830078125
v 51.037616729736328 23.600000381469727 -26.947099685668945
v 51.037616729736328 27.649999618530273 -30.997100830078125
v 51.037616729736328 31.700000762939453 -26.947099685668945
v 44.537303924560547 23.600000381469727 -30.997100830078125
v 44.537303924560547 31.700000762939453 -30.997100830078125
v 47.787460327148438 23.600000381469727 -30.997100830078125
v 44.537303924560547 27.649999618530273 -30.997100830078125
v 47.787460327148438 31.700000762939453 -30.997100830078125
v 44.537303924560547 23.600000381469727 -26.947099685668945
v 44.537303924560547 31.700000762939453 -26.947099685668945
f 1576 1569 1573 1571 1574 1572 1575 1570
f 1574 1571 1579 1577 1580 1578 1581 1572
f 1580 1577 1584 1582 1585 1583 1586 1578
f 1588 1583 1585 1582 1587 1569 1576 1570
f 1573 1569 1587 1582 1584 1577 1579 1571
f 1588 1570 1575 1572 1581 1578 1586 1583
g object_84
v 35.434326171875 23.600000381469727 -30.997100830078125
v 35.434326171875 31.700000762939453 -30.997100830078125
v 35.434326171875 23.600000381469727 -22.897100448608398
v 35.434326171875 31.700000762939453 -22.897100448608398
v 35.434326171875 23.600000381469727 -26.947099685668945
v 35.434326171875 27.649999618530273 -22.897100448608398
v 35.434326171875 31.700000762939453 -26.947099685668945
v 35.434326171875 27.649999618530273 -30.997100830078125
v 44.537303924560547 23.600000381469727 -22.897100448608398
v 44.537303924560547 31.700000762939453 -22.897100448608398
v 39.985813140869141 23.600000381469727 -22.897100448608398
v 44.537303924560547 27.649999618530273 -22.897100448608398
v 39.985813140869141 31.700000762939453 -22.897100448608398
v 44.537303924560547 23.600000381469727 -30.997100830078125
v 44.537303924560547 31.700000762939453 -30.997100830078125
v 44.537303924560547 23.600000381469727 -26.947099685668945
v 44.537303924560547 27.649999618530273 -30.997100830078125
v 44.537303924560547 31.700000762939453 -26.947099685668945
v 39.985813140869141 23.600000381469727 -30.997100830078125
v 39.985813140869141 31.700000762939453 -30.997100830078125
f 1596 1589 1593 1591 1594 1592 1595 1590
f 1594 1591 1599 1597 1600 1598 1601 1592
f 1606 1598 1600 1597 1604 1602 1605 1603
f 1605 1602 1607 1589 1596 1590 1608 1603
f 1593 1589 1607 1602 1604 1597 1599 1591
f 1608 1590 1595 1592 1601 1598 1606 1603
g object_85
v 44.537303924560547 23.600000381469727 -14.797100067138672
v 44.537303924560547 31.700000762939453 -14.797100067138672
v 51.037616729736328 23.600000381469727 -14.797100067138672
v 51.037616729736328 31.700000762939453 -14.797100067138672
v 47.787460327148438 23.600000381469727 -14.797100067138672
v 51.037616729736328 27.649999618530273 -14.797100067138672
v 47.787460327148438 31.700000762939453 -14.797100067138672
v 44.537303924560547 27.649999618530273 -14.797100067138672
v 51.037616729736328 23.600000381469727 -22.897100448608398
v 51.037616729736328 31.700000762939453 -22.897100448608398
v 51.037616729736328 23.600000381469727 -18.847101211547852
v 51.037616729736328 27.649999618530273 -22.897100448608398
v 51.037616729736328 31.700000762939453 -18.847101211547852
v 44.537303924560547 23.600000381469727 -22.897100448608398
v 44.537303924560547 31.700000762939453 -22.897100448608398
v 47.787460327148438 23.600000381469727 -22.897100448608398
v 44.537303924560547 27.649999618530273 -22.897100448608398
v 47.787460327148438 31.700000762939453 -22.897100448608398
v 44.537303924560547 23.600000381469727 -18.847101211547852
v 44.537303924560547 31.700000762939453 -18.847101211547852
f 1616 1609 1613 1611 1614 1612 1615 1610
f 1614 1611 1619 1617 1620 1618 1621 1612
f 1620 1617 1624 1622 1625 1623 1626 1618
f 1628 1623 1625 1622 1627 1609 1616 1610
f 1613 1609 1627 1622 1624 1617 1619 1611
f 1628 1610 1615 1612 1621 1618 1626 1623
g object_86
v 35.434326171875 23.600000381469727 -22.897100448608398
v 35.434326171875 31.700000762939453 -22.897100448608398
v 35.434326171875 23.600000381469727 -14.797100067138672
v 35.434326171875 31.700000762939453 -14.797100067138672
v 35.434326171875 23.600000381469727 -18.847101211547852
v 35.434326171875 27.649999618530273 -14.797100067138672
v 35.434326171875 31.700000762939453 -18.847101211547852
v 35.434326171875 27.649999618530273 -22.897100448608398
v 44.537303924560547 23.600000381469727 -14.797100067138672
v 44.537303924560547 31.700000762939453 -14.797100067138672
v 39.985813140869141 23.600000381469727 -14.797100067138672
v 44.537303924560547 27.649999618530273 -14.797100067138672
v 39.985813140869141 31.700000762939453 -14.797100067138672
v 44.537303924560547 23.600000381469727 -22.897100448608398
v 44.537303924560547 31.700000762939453 -22.897100448608398
v 44.537303924560547 23.600000381469727 -18.847101211547852
v 44.537303924560547 27.649999618530273 -22.897100448608398
v 44.537303924560547 31.700000762939453 -18.847101211547852
v 39.985813140869141 23.600000381469727 -22.897100448608398
v 39.985813140869141 31.700000762939453 -22.897100448608398
f 1636 1629 1633 1631 1634 1632 1635 1630
f 1634 1631 1639 1637 1640 1638 1641 1632
f 1646 1638 1640 1637 1644 1642 1645 1643
f 1645 1642 1647 1629 1636 1630 1648 1643
f 1633 1629 1647 1642 1644 1637 1639 1631
f 1648 1630 1635 1632 1641 1638 1646 1643
g object_87
v 44.537303924560547 15.5 -22.897100448608398
v 44.537303924560547 23.600000381469727 -22.897100448608398
v 51.037616729736328 15.5 -22.897100448608398
v 51.037616729736328 23.600000381469727 -22.897100448608398
v 47.787460327148438 15.5 -22.897100448608398
v 51.037616729736328 19.549999237060547 -22.897100448608398
v 47.787460327148438 23.600000381469727 -22.897100448608398
v 44.537303924560547 19.549999237060547 -22.897100448608398
v 51.037616729736328 15.5 -30.997100830078125
v 51.037616729736328 23.600000381469727 -30.997100830078125
v 51.037616729736328 15.5 -26.947099685668945
v 51.037616729736328 19.549999237060547 -30.997100830078125
v 51.037616729736328 23.600000381469727 -26.947099685668945
v 44.537303924560547 15.5 -30.997100830078125
v 44.537303924560547 23.600000381469727 -30.997100830078125
v 47.787460327148438 15.5 -30.997100830078125
v 44.537303924560547 19.549999237060547 -30.997100830078125
v 47.787460327148438 23.600000381469727 -30.997100830078125
v 44.537303924560547 15.5 -26.947099685668945
v 44.537303924560547 23.600000381469727 -26.947099685668945
f 1656 1649 1653 1651 1654 1652 1655 1650
f 1654 1651 1659 1657 1660 1658 1661 1652
f 1660 1657 1664 1662 1665 1663 1666 1658
f 1668 1663 1665 1662 1667 1649 1656 1650
f 1653 1649 1667 1662 1664 1657 1659 1651
f 1668 1650 1655 1652 1661 1658 1666 1663
g object_88
v 35.434326171875 15.5 -30.997100830078125
v 35.434326171875 23.600000381469727 -30.997100830078125
v 35.434326171875 15.5 -22.897100448608398
v 35.434326171875 23.600000381469727 -22.897100448608398
v 35.434326171875 15.5 -26.947099685668945
v 35.434326171875 19.549999237060547 -22.897100448608398
v 35.434326171875 23.600000381469727 -26.947099685668945
v 35.434326171875 19.549999237060547 -30.997100830078125
v 44.537303924560547 15.5 -22.897100448608398
v 44.537303924560547 23.600000381469727 -22.897100448608398
v 39.985813140869141 15.5 -22.897100448608398
v 44.537303924560547 19.549999237060547 -22.897100448608398
v 39.985813140869141 23.600000381469727 -22.897100448608398
v 44.537303924560547 15.5 -30.997100830078125
v 44.537303924560547 23.600000381469727 -30.997100830078125
v 44.537303924560547 15.5 -26.947099685668945
v 44.537303924560547 19.549999237060547 -30.997100830078125
v 44.537303924560547 23.600000381469727 -26.947099685668945
v 39.985813140869141 15.5 -30.997100830078125
v 39.985813140869141 23.600000381469727 -30.997100830078125
f 1675 1670 1676 1669 1673 1671 1674 1672
f 1674 1671 1679 1677 1680 1678 1681 1672
f 1686 1678 1680 1677 1684 1682 1685 1683
f 1685 1682 1687 1669 1676 1670 1688 1683
f 1673 1669 1687 1682 1684 1677 1679 1671
f 1688 1670 1675 1672 1681 1678 1686 1683
g object_89
v 44.537303924560547 15.5 -14.797100067138672
v 44.537303924560547 23.600000381469727 -14.797100067138672
v 51.037616729736328 15.5 -14.797100067138672
v 51.037616729736328 23.600000381469727 -14.797100067138672
v 47.787460327148438 15.5 -14.797100067138672
v 51.037616729736328 19.549999237060547 -14.797100067138672
v 47.787460327148438 23.600000381469727 -14.797100067138672
v 44.537303924560547 19.549999237060547 -14.797100067138672
v 51.037616729736328 15.5 -22.897100448608398
v 51.037616729736328 23.600000381469727 -22.897100448608398
v 51.037616729736328 15.5 -18.847101211547852
v 51.037616729736328 19.549999237060547 -22.897100448608398
v 51.037616729736328 23.600000381469727 -18.847101211547852
v 44.537303924560547 15.5 -22.897100448608398
v 44.537303924560547 23.600000381469727 -22.897100448608398
v 47.787460327148438 15.5 -22.897100448608398
v 44.537303924560547 19.549999237060547 -22.897100448608398
v 47.787460327148438 23.600000381469727 -22.897100448608398
v 44.537303924560547 15.5 -18.847101211547852
v 44.537303924560547 23.600000381469727 -18.847101211547852
f 1696 1689 1693 1691 1694 1692 1695 1690
f 1694 1691 1699 1697 1700 1698 1701 1692
f 1700 1697 1704 1702 1705 1703 1706 1698
f 1708 1703 1705 1702 1707 1689 1696 1690
f 1693 1689 1707 1702 1704 1697 1699 1691
f 1708 1690 1695 1692 1701 1698 1706 1703
g object_90
v 35.434326171875 15.5 -22.897100448608398
v 35.434326171875 23.600000381469727 -22.897100448608398
v 35.434326171875 15.5 -14.797100067138672
v 35.434326171875 23.600000381469727 -14.797100067138672
v 35.434326171875 15.5 -18.847101211547852
v 35.434326171875 19.549999237060547 -14.797100067138672
v 35.434326171875 23.600000381469727 -18.847101211547852
v 35.434326171875 19.549999237060547 -22.897100448608398
v 44.537303924560547 15.5 -14.797100067138672
v 44.537303924560547 23.600000381469727 -14.797100067138672
v 39.985813140869141 15.5 -14.797100067138672
v 44.537303924560547 19.549999237060547 -14.797100067138672
v 39.985813140869141 23.600000381469727 -14.797100067138672
v 44.537303924560547 15.5 -22.897100448608398
v 44.537303924560547 23.600000381469727 -22.897100448608398
v 44.537303924560547 15.5 -18.847101211547852
v 44.537303924560547 19.549999237060547 -22.897100448608398
v 44.537303924560547 23.600000381469727 -18.847101211547852
v 39.985813140869141 15.5 -22.897100448608398
v 39.985813140869141 23.600000381469727 -22.897100448608398
f 1715 1710 1716 1709 1713 1711 1714 1712
f 1714 1711 1719 1717 1720 1718 1721 1712
f 1726 1718 1720 1717 1724 1722 1725 1723
f 1725 1722 1727 1709 1716 1710 1728 1723
f 1713 1709 1727 1722 1724 1717 1719 1711
f 1728 1710 1715 1712 1721 1718 1726 1723
